DateTime,timestamp,Open,High,Low,Close,Volume,data_get_time
2021-07-05,1625443200000,35225.48,35239.23,33187.09,33704.41,13.578128,2024-03-27 04:49:38
2021-07-06,1625529600000,33704.41,35098.33,33578.49,34224.45,3.802583,2024-03-27 04:49:38
2021-07-07,1625616000000,34224.45,35008.17,33800.68,33865.3,4.92434,2024-03-27 04:49:38
2021-07-08,1625702400000,33865.3,33921.53,32235.82,32892.17,18.33107,2024-03-27 04:49:38
2021-07-09,1625788800000,32892.17,34077.01,32307.11,33815.88,9.554352,2024-03-27 04:49:38
2021-07-10,1625875200000,33815.88,34233.49,33055.38,33509.32,4.168134,2024-03-27 04:49:38
2021-07-11,1625961600000,33509.32,34586.63,33326.11,34246.51,13.776442,2024-03-27 04:49:38
2021-07-12,1626048000000,34246.51,34650.0,32665.68,33109.63,13.101666,2024-03-27 04:49:38
2021-07-13,1626134400000,33109.63,33324.49,32206.81,32715.61,12.811375,2024-03-27 04:49:38
2021-07-14,1626220800000,32715.61,33074.3,31605.25,32823.9,11.78523,2024-03-27 04:49:38
2021-07-15,1626307200000,32823.9,33167.42,31150.0,31861.82,49.931742,2024-03-27 04:49:38
2021-07-16,1626393600000,31861.82,32235.05,31042.08,31390.98,49.591002,2024-03-27 04:49:38
2021-07-17,1626480000000,31390.98,31970.57,31170.0,31512.99,16.499096,2024-03-27 04:49:38
2021-07-18,1626566400000,31512.99,32416.17,31150.0,31778.75,51.190212,2024-03-27 04:49:38
2021-07-19,1626652800000,31778.75,31891.94,30469.5,30819.86,45.645321,2024-03-27 04:49:38
2021-07-20,1626739200000,30819.86,31050.0,29314.77,29782.8,115.334421,2024-03-27 04:49:38
2021-07-21,1626825600000,29782.8,32817.63,29513.9,32137.21,103.9724,2024-03-27 04:49:38
2021-07-22,1626912000000,32137.21,32496.63,31728.28,32310.43,49.528767,2024-03-27 04:49:38
2021-07-23,1626998400000,32310.43,33631.55,32013.22,33631.55,67.196901,2024-03-27 04:49:38
2021-07-24,1627084800000,33631.55,34467.08,33409.59,34270.0,62.298059,2024-03-27 04:49:38
2021-07-25,1627171200000,34270.0,35386.12,33864.49,35348.21,87.532324,2024-03-27 04:49:38
2021-07-26,1627257600000,35348.21,40564.19,35242.89,37252.28,284.339773,2024-03-27 04:49:38
2021-07-27,1627344000000,37252.28,39500.0,36410.5,39500.0,152.052798,2024-03-27 04:49:38
2021-07-28,1627430400000,39500.0,40889.15,38800.01,39987.87,181.90394,2024-03-27 04:49:38
2021-07-29,1627516800000,39987.87,40612.3,39292.52,40015.2,97.664092,2024-03-27 04:49:38
2021-07-30,1627603200000,40015.2,42290.0,38328.58,42195.18,193.017448,2024-03-27 04:49:38
2021-07-31,1627689600000,42195.18,42359.76,41040.89,41447.67,97.528106,2024-03-27 04:49:38
2021-08-01,1627776000000,41447.67,42566.0,39462.33,39851.08,140.451913,2024-03-27 04:49:38
2021-08-02,1627862400000,39851.08,40452.47,38691.0,39144.91,143.550949,2024-03-27 04:49:38
2021-08-03,1627948800000,39144.91,39771.94,37661.2,38210.87,120.750935,2024-03-27 04:49:38
2021-08-04,1628035200000,38210.87,39955.86,37551.94,39738.46,126.630748,2024-03-27 04:49:38
2021-08-05,1628121600000,39738.46,41353.0,37348.85,40864.26,215.362454,2024-03-27 04:49:38
2021-08-06,1628208000000,40864.26,43367.66,39900.01,42831.88,158.525493,2024-03-27 04:49:38
2021-08-07,1628294400000,42831.88,44705.58,42500.0,44578.65,237.590431,2024-03-27 04:49:38
2021-08-08,1628380800000,44578.65,45281.85,43296.16,43807.74,191.475897,2024-03-27 04:49:38
2021-08-09,1628467200000,43807.74,46466.92,42820.94,46285.33,240.183492,2024-03-27 04:49:38
2021-08-10,1628553600000,46285.33,46750.0,44650.0,45585.67,176.307778,2024-03-27 04:49:38
2021-08-11,1628640000000,45585.67,46595.92,45349.31,45543.0,136.428802,2024-03-27 04:49:38
2021-08-12,1628726400000,45543.0,46207.82,43790.8,44412.0,170.489342,2024-03-27 04:49:38
2021-08-13,1628812800000,44412.0,47865.28,44243.99,47807.6,158.11131,2024-03-27 04:49:38
2021-08-14,1628899200000,47807.6,48107.0,46029.73,47037.53,192.779991,2024-03-27 04:49:38
2021-08-15,1628985600000,47037.53,47336.25,45507.0,46979.44,139.139401,2024-03-27 04:49:38
2021-08-16,1629072000000,46979.44,48016.54,45657.69,45913.29,207.229123,2024-03-27 04:49:38
2021-08-17,1629158400000,45913.29,47138.09,44412.0,44676.76,211.227177,2024-03-27 04:49:38
2021-08-18,1629244800000,44676.76,45930.0,44218.24,44635.35,227.924747,2024-03-27 04:49:38
2021-08-19,1629331200000,44635.35,47001.35,43950.0,46753.83,230.822202,2024-03-27 04:49:38
2021-08-20,1629417600000,46753.83,49338.0,46629.54,49301.43,260.425931,2024-03-27 04:49:38
2021-08-21,1629504000000,49301.43,49731.15,48171.57,48772.59,132.869856,2024-03-27 04:49:38
2021-08-22,1629590400000,48772.59,49506.7,48074.56,49223.35,132.608239,2024-03-27 04:49:38
2021-08-23,1629676800000,49223.35,50424.0,49022.0,49519.22,229.063926,2024-03-27 04:49:38
2021-08-24,1629763200000,49519.22,49790.14,47525.41,47671.53,215.420646,2024-03-27 04:49:38
2021-08-25,1629849600000,47671.53,49245.14,47120.0,48996.42,205.688869,2024-03-27 04:49:38
2021-08-26,1629936000000,48996.42,49344.29,46323.43,46822.44,176.035044,2024-03-27 04:49:38
2021-08-27,1630022400000,46822.44,49089.0,46338.71,49037.99,179.847809,2024-03-27 04:49:38
2021-08-28,1630108800000,49037.99,49257.4,48352.9,48884.84,147.818635,2024-03-27 04:49:38
2021-08-29,1630195200000,48884.84,49614.36,47800.0,48756.58,125.332522,2024-03-27 04:49:38
2021-08-30,1630281600000,48756.58,48873.18,46864.01,46986.26,177.492634,2024-03-27 04:49:38
2021-08-31,1630368000000,46986.26,48200.0,46700.0,47103.33,274.37544,2024-03-27 04:49:38
2021-09-01,1630454400000,47103.33,49059.99,46500.0,48783.19,179.998962,2024-03-27 04:49:38
2021-09-02,1630540800000,48783.19,50326.95,48558.75,49231.18,292.562294,2024-03-27 04:49:38
2021-09-03,1630627200000,49231.18,50987.0,48358.37,49973.87,313.834521,2024-03-27 04:49:38
2021-09-04,1630713600000,49973.87,50550.0,49400.0,49919.82,186.580609,2024-03-27 04:49:38
2021-09-05,1630800000000,49919.82,51836.71,49485.03,51726.73,231.26447,2024-03-27 04:49:38
2021-09-06,1630886400000,51726.73,52662.73,50963.72,52586.77,257.346181,2024-03-27 04:49:38
2021-09-07,1630972800000,52586.77,52818.37,43000.0,46729.2,645.126118,2024-03-27 04:49:38
2021-09-08,1631059200000,46729.2,47299.87,44436.94,46014.25,407.756328,2024-03-27 04:49:38
2021-09-09,1631145600000,46014.25,47338.87,45508.88,46358.44,288.664531,2024-03-27 04:49:38
2021-09-10,1631232000000,46358.44,46998.0,44150.0,44830.7,369.397501,2024-03-27 04:49:38
2021-09-11,1631318400000,44830.7,45943.71,44727.84,45131.32,289.418999,2024-03-27 04:49:38
2021-09-12,1631404800000,45131.32,46377.51,44713.09,45986.0,254.371103,2024-03-27 04:49:38
2021-09-13,1631491200000,45986.0,46782.0,43381.99,44910.13,476.493014,2024-03-27 04:49:38
2021-09-14,1631577600000,44910.13,47233.76,44590.01,47100.0,340.498618,2024-03-27 04:49:38
2021-09-15,1631664000000,47100.0,48444.0,46686.86,48128.25,302.601632,2024-03-27 04:49:38
2021-09-16,1631750400000,48128.25,48470.0,47020.51,47729.93,262.464978,2024-03-27 04:49:38
2021-09-17,1631836800000,47729.93,48142.22,46750.01,47290.58,227.556339,2024-03-27 04:49:38
2021-09-18,1631923200000,47290.58,48773.78,47058.1,48272.38,185.709749,2024-03-27 04:49:38
2021-09-19,1632009600000,48272.38,48328.8,46864.83,47252.31,180.834669,2024-03-27 04:49:38
2021-09-20,1632096000000,47252.31,47338.82,42523.37,43049.82,531.465973,2024-03-27 04:49:38
2021-09-21,1632182400000,43049.82,43600.3,39632.1,40717.22,768.442768,2024-03-27 04:49:38
2021-09-22,1632268800000,40717.22,43989.99,40572.28,43514.57,368.823524,2024-03-27 04:49:38
2021-09-23,1632355200000,43514.57,44931.18,43043.57,44811.07,294.205773,2024-03-27 04:49:38
2021-09-24,1632441600000,44811.07,45100.99,40735.01,42804.98,472.905144,2024-03-27 04:49:38
2021-09-25,1632528000000,42804.98,42950.69,41642.65,42665.0,191.811663,2024-03-27 04:49:38
2021-09-26,1632614400000,42665.0,43876.81,40767.63,43127.93,324.542433,2024-03-27 04:49:38
2021-09-27,1632700800000,43127.93,44285.56,42112.08,42149.18,244.021722,2024-03-27 04:49:38
2021-09-28,1632787200000,42149.18,42753.37,40884.38,41028.29,254.164305,2024-03-27 04:49:38
2021-09-29,1632873600000,41028.29,42577.27,40769.0,41512.51,301.226587,2024-03-27 04:49:38
2021-09-30,1632960000000,41512.51,44067.0,41402.52,43801.54,335.265109,2024-03-27 04:49:38
2021-10-01,1633046400000,43801.54,48420.0,43283.41,48114.61,525.125568,2024-03-27 04:49:38
2021-10-02,1633132800000,48114.61,48252.31,47394.19,47641.01,263.122172,2024-03-27 04:49:38
2021-10-03,1633219200000,47641.01,49240.0,47099.99,48200.0,257.724141,2024-03-27 04:49:38
2021-10-04,1633305600000,48200.0,49490.0,46930.65,49245.76,913.675792,2024-03-27 04:49:38
2021-10-05,1633392000000,49245.76,51870.0,49043.88,51473.85,1028.261671,2024-03-27 04:49:38
2021-10-06,1633478400000,51473.85,55750.0,50400.0,55300.01,1100.045644,2024-03-27 04:49:38
2021-10-07,1633564800000,55300.01,55313.68,53422.04,53801.17,774.557183,2024-03-27 04:49:38
2021-10-08,1633651200000,53801.17,56102.37,53660.0,53949.01,825.077233,2024-03-27 04:49:38
2021-10-09,1633737600000,53949.01,55470.0,53680.01,54934.91,782.695321,2024-03-27 04:49:38
2021-10-10,1633824000000,54934.91,56550.0,54024.15,54668.53,1019.131803,2024-03-27 04:49:38
2021-10-11,1633910400000,54668.53,57800.0,54450.0,57506.97,737.101737,2024-03-27 04:49:38
2021-10-12,1633996800000,57506.97,57631.0,53950.83,55999.63,851.978777,2024-03-27 04:49:38
2021-10-13,1634083200000,55999.63,57733.52,54253.37,57364.71,908.039309,2024-03-27 04:49:38
2021-10-14,1634169600000,57364.71,58500.0,56803.97,57343.15,691.736737,2024-03-27 04:49:38
2021-10-15,1634256000000,57343.15,62790.0,56850.01,61585.55,1006.980643,2024-03-27 04:49:38
2021-10-16,1634342400000,61585.55,62300.39,60135.0,60863.16,555.703159,2024-03-27 04:49:38
2021-10-17,1634428800000,60863.16,61700.37,59000.0,61541.87,724.426375,2024-03-27 04:49:38
2021-10-18,1634515200000,61541.87,62600.0,59830.3,62022.11,795.161235,2024-03-27 04:49:38
2021-10-19,1634601600000,62022.11,64450.0,61244.06,64224.62,679.630752,2024-03-27 04:49:38
2021-10-20,1634688000000,64224.62,66934.88,63502.65,65998.65,610.317625,2024-03-27 04:49:38
2021-10-21,1634774400000,65998.65,66645.39,62077.0,62228.43,1019.22596,2024-03-27 04:49:38
2021-10-22,1634860800000,62228.43,63702.34,60011.11,60719.0,924.757517,2024-03-27 04:49:38
2021-10-23,1634947200000,60719.0,61704.21,59700.0,61314.15,553.820131,2024-03-27 04:49:38
2021-10-24,1635033600000,61314.15,61490.02,59508.0,60873.54,575.617262,2024-03-27 04:49:38
2021-10-25,1635120000000,60873.54,63709.8,60668.56,63078.41,527.905248,2024-03-27 04:49:38
2021-10-26,1635206400000,63078.41,63300.0,59900.0,60292.0,541.859274,2024-03-27 04:49:38
2021-10-27,1635292800000,60292.0,61434.44,58051.0,58485.76,896.591871,2024-03-27 04:49:38
2021-10-28,1635379200000,58485.76,62500.0,57948.02,60566.68,684.597324,2024-03-27 04:49:38
2021-10-29,1635465600000,60566.68,62935.25,60200.0,62250.71,380.384472,2024-03-27 04:49:38
2021-10-30,1635552000000,62250.71,62340.07,60686.29,61793.47,215.66573,2024-03-27 04:49:38
2021-10-31,1635638400000,61793.47,62352.92,60000.0,61241.16,261.088116,2024-03-27 04:49:38
2021-11-01,1635724800000,61241.16,62378.38,59439.77,60839.3,281.500271,2024-03-27 04:49:38
2021-11-02,1635811200000,60839.3,64270.92,60577.52,63182.5,416.920817,2024-03-27 04:49:38
2021-11-03,1635897600000,63182.5,63483.12,60373.11,62899.86,413.924393,2024-03-27 04:49:38
2021-11-04,1635984000000,62899.86,63088.61,60676.02,61382.1,291.231769,2024-03-27 04:49:38
2021-11-05,1636070400000,61382.1,62566.94,60681.51,60947.75,336.575891,2024-03-27 04:49:38
2021-11-06,1636156800000,60947.75,61550.78,60007.19,61428.16,348.747602,2024-03-27 04:49:38
2021-11-07,1636243200000,61428.16,63254.16,61300.03,63239.98,274.893108,2024-03-27 04:49:38
2021-11-08,1636329600000,63239.98,67728.2,63239.98,67465.37,629.783858,2024-03-27 04:49:38
2021-11-09,1636416000000,67465.37,68469.98,66150.0,66893.63,643.383138,2024-03-27 04:49:38
2021-11-10,1636502400000,66893.63,68967.21,62870.02,64892.02,906.447101,2024-03-27 04:49:38
2021-11-11,1636588800000,64892.02,65549.99,64100.0,64719.44,501.693509,2024-03-27 04:49:38
2021-11-12,1636675200000,64719.44,65367.6,62304.06,64114.27,633.572225,2024-03-27 04:49:38
2021-11-13,1636761600000,64114.27,64916.63,63333.93,64365.7,308.202522,2024-03-27 04:49:38
2021-11-14,1636848000000,64365.7,65498.64,63594.01,65475.82,415.204178,2024-03-27 04:49:38
2021-11-15,1636934400000,65475.82,66293.41,63381.57,63569.18,569.737008,2024-03-27 04:49:38
2021-11-16,1637020800000,63569.18,63569.18,58568.65,60104.47,1359.14985,2024-03-27 04:49:38
2021-11-17,1637107200000,60104.47,60757.07,58352.31,60300.53,869.979815,2024-03-27 04:49:38
2021-11-18,1637193600000,60300.53,60876.3,56505.0,56930.86,1102.925096,2024-03-27 04:49:38
2021-11-19,1637280000000,56930.86,58345.34,55637.6,58081.7,835.92898,2024-03-27 04:49:38
2021-11-20,1637366400000,58081.7,59844.27,57399.0,59696.54,485.840542,2024-03-27 04:49:38
2021-11-21,1637452800000,59696.54,60000.0,58544.02,58658.24,537.007897,2024-03-27 04:49:38
2021-11-22,1637539200000,58658.24,59398.99,55625.01,56274.98,822.965638,2024-03-27 04:49:38
2021-11-23,1637625600000,56274.98,57980.0,55378.73,57571.52,729.474983,2024-03-27 04:49:38
2021-11-24,1637712000000,57571.52,57742.92,55904.28,57165.63,504.890531,2024-03-27 04:49:38
2021-11-25,1637798400000,57165.63,59378.73,57000.0,58874.68,562.190894,2024-03-27 04:49:38
2021-11-26,1637884800000,58874.68,59124.89,53500.0,53730.45,1353.858025,2024-03-27 04:49:38
2021-11-27,1637971200000,53730.45,55279.63,53636.89,54748.69,480.90183,2024-03-27 04:49:38
2021-11-28,1638057600000,54748.69,57419.85,53272.61,57276.97,719.464883,2024-03-27 04:49:38
2021-11-29,1638144000000,57276.97,58818.26,56681.05,57749.68,697.040074,2024-03-27 04:49:38
2021-11-30,1638230400000,57749.68,59160.16,55898.52,56891.82,993.599752,2024-03-27 04:49:38
2021-12-01,1638316800000,56891.82,58937.15,56435.68,57171.49,1024.10945,2024-03-27 04:49:38
2021-12-02,1638403200000,57171.49,57338.94,55755.58,56452.9,806.223388,2024-03-27 04:49:38
2021-12-03,1638489600000,56452.9,57550.0,51662.51,53650.0,1416.324819,2024-03-27 04:49:38
2021-12-04,1638576000000,53650.0,53850.19,42356.01,49202.39,2571.266073,2024-03-27 04:49:38
2021-12-05,1638662400000,49202.39,49719.62,47750.0,49371.16,1229.22718,2024-03-27 04:49:38
2021-12-06,1638748800000,49371.16,50848.55,47070.0,50446.86,1412.518501,2024-03-27 04:49:38
2021-12-07,1638835200000,50446.86,51899.24,50017.12,50573.81,1123.498982,2024-03-27 04:49:38
2021-12-08,1638921600000,50573.81,51195.24,48600.0,50438.98,881.633075,2024-03-27 04:49:38
2021-12-09,1639008000000,50438.98,50765.97,47340.74,47578.87,975.901343,2024-03-27 04:49:38
2021-12-10,1639094400000,47578.87,50069.0,46904.44,47185.58,1261.645624,2024-03-27 04:49:38
2021-12-11,1639180800000,47185.58,49486.18,46780.0,49363.33,638.07832,2024-03-27 04:49:38
2021-12-12,1639267200000,49363.33,50778.0,48664.25,50068.01,633.368056,2024-03-27 04:49:38
2021-12-13,1639353600000,50068.01,50175.57,45782.44,46692.89,1400.571395,2024-03-27 04:49:38
2021-12-14,1639440000000,46692.89,48646.96,46294.56,48361.9,1008.947665,2024-03-27 04:49:38
2021-12-15,1639526400000,48361.9,49473.92,46553.63,48864.41,1412.838744,2024-03-27 04:49:38
2021-12-16,1639612800000,48864.41,49432.45,47536.12,47635.25,678.538399,2024-03-27 04:49:38
2021-12-17,1639699200000,47635.25,48003.49,45486.65,46176.1,885.152664,2024-03-27 04:49:38
2021-12-18,1639785600000,46176.1,47340.29,45510.91,46849.19,580.816332,2024-03-27 04:49:38
2021-12-19,1639872000000,46849.19,48304.83,46437.15,46681.75,858.51694,2024-03-27 04:49:38
2021-12-20,1639958400000,46681.75,47500.0,45566.01,46910.34,744.947008,2024-03-27 04:49:38
2021-12-21,1640044800000,46910.34,49318.01,46651.17,48901.71,1072.469813,2024-03-27 04:49:38
2021-12-22,1640131200000,48901.71,49554.0,48421.5,48596.73,811.536777,2024-03-27 04:49:38
2021-12-23,1640217600000,48596.73,51345.67,48031.06,50787.05,1452.390729,2024-03-27 04:49:38
2021-12-24,1640304000000,50787.05,51822.46,50415.59,50811.54,1522.955519,2024-03-27 04:49:38
2021-12-25,1640390400000,50811.54,51127.04,50189.0,50404.25,1447.0968,2024-03-27 04:49:38
2021-12-26,1640476800000,50404.25,51266.53,49420.41,50771.79,1207.320243,2024-03-27 04:49:38
2021-12-27,1640563200000,50771.79,52072.17,50469.73,50674.5,1881.51612,2024-03-27 04:49:38
2021-12-28,1640649600000,50674.5,50697.77,47325.65,47540.0,3957.093337,2024-03-27 04:49:38
2021-12-29,1640736000000,47540.0,48152.43,46086.15,46479.27,2829.059053,2024-03-27 04:49:38
2021-12-30,1640822400000,46479.27,47907.73,45959.84,47117.73,1495.990106,2024-03-27 04:49:38
2021-12-31,1640908800000,47117.73,48587.71,45668.58,46198.56,1960.62086,2024-03-27 04:49:38
2022-01-01,1640995200000,46198.56,47949.99,46198.56,47729.81,1267.849837,2024-03-27 04:49:38
2022-01-02,1641081600000,47729.81,47974.43,46666.0,47286.53,1167.114272,2024-03-27 04:49:38
2022-01-03,1641168000000,47286.53,47569.18,45727.44,46450.57,1331.044018,2024-03-27 04:49:38
2022-01-04,1641254400000,46450.57,47517.97,45572.35,45828.49,1160.030517,2024-03-27 04:49:38
2022-01-05,1641340800000,45828.49,47045.55,42518.73,43419.31,1682.634323,2024-03-27 04:49:38
2022-01-06,1641427200000,43419.31,43782.71,42434.63,43097.54,1747.791241,2024-03-27 04:49:38
2022-01-07,1641513600000,43097.54,43140.22,40625.0,41550.0,1900.137277,2024-03-27 04:49:38
2022-01-08,1641600000000,41550.0,42300.0,40521.62,41676.13,731.92936,2024-03-27 04:49:38
2022-01-09,1641686400000,41676.13,42775.7,41215.49,41855.61,653.508305,2024-03-27 04:49:38
2022-01-10,1641772800000,41855.61,42239.21,39655.01,41819.2,1389.32042,2024-03-27 04:49:38
2022-01-11,1641859200000,41819.2,43107.79,41261.08,42725.58,1249.436355,2024-03-27 04:49:38
2022-01-12,1641945600000,42725.58,44291.32,42450.0,43907.95,1226.75935,2024-03-27 04:49:38
2022-01-13,1642032000000,43907.95,44414.76,42312.4,42570.32,1009.413836,2024-03-27 04:49:38
2022-01-14,1642118400000,42570.32,43443.07,41761.01,43067.32,1120.230974,2024-03-27 04:49:38
2022-01-15,1642204800000,43067.32,43791.34,42550.01,43070.0,673.455636,2024-03-27 04:49:38
2022-01-16,1642291200000,43070.0,43477.37,42600.0,43080.24,567.618805,2024-03-27 04:49:38
2022-01-17,1642377600000,43080.24,43177.52,41545.35,42203.61,836.904092,2024-03-27 04:49:38
2022-01-18,1642464000000,42203.61,42666.35,41287.08,42361.25,1107.802138,2024-03-27 04:49:38
2022-01-19,1642550400000,42361.25,42550.44,41139.25,41650.45,1275.558558,2024-03-27 04:49:38
2022-01-20,1642636800000,41650.45,43499.98,40580.0,40700.0,1344.186273,2024-03-27 04:49:38
2022-01-21,1642723200000,40700.0,41104.67,35457.0,36443.48,2916.074421,2024-03-27 04:49:38
2022-01-22,1642809600000,36443.48,36831.94,34021.01,35047.73,2151.268584,2024-03-27 04:49:38
2022-01-23,1642896000000,35047.73,36499.0,34629.61,36266.26,786.486142,2024-03-27 04:49:38
2022-01-24,1642982400000,36266.26,37540.2,32961.52,36667.55,2523.80255,2024-03-27 04:49:38
2022-01-25,1643068800000,36667.55,37529.98,35715.71,36953.45,1121.807029,2024-03-27 04:49:38
2022-01-26,1643155200000,36953.45,38903.48,36256.91,36817.96,1467.601021,2024-03-27 04:49:38
2022-01-27,1643241600000,36817.96,37213.11,35513.34,37200.09,1301.609684,2024-03-27 04:49:38
2022-01-28,1643328000000,37200.09,37990.0,36163.56,37711.78,1308.561533,2024-03-27 04:49:38
2022-01-29,1643414400000,37711.78,38749.93,37310.0,38148.85,835.429182,2024-03-27 04:49:38
2022-01-30,1643500800000,38148.85,38377.14,37360.14,37944.21,652.494489,2024-03-27 04:49:38
2022-01-31,1643587200000,37944.21,38768.13,36655.0,38454.49,1422.541491,2024-03-27 04:49:38
2022-02-01,1643673600000,38454.49,39274.99,37978.46,38697.45,1304.355036,2024-03-27 04:49:38
2022-02-02,1643760000000,38697.45,38858.16,36606.09,36898.91,1242.965677,2024-03-27 04:49:38
2022-02-03,1643846400000,36898.91,37421.07,36244.75,37306.64,993.738339,2024-03-27 04:49:38
2022-02-04,1643932800000,37306.64,41703.3,37032.29,41549.33,1715.620839,2024-03-27 04:49:38
2022-02-05,1644019200000,41549.33,41900.0,40933.97,41369.52,1092.79674,2024-03-27 04:49:38
2022-02-06,1644105600000,41369.52,42669.98,41124.86,42377.65,696.826581,2024-03-27 04:49:38
2022-02-07,1644192000000,42377.65,44480.0,41653.86,43823.01,1820.65264,2024-03-27 04:49:38
2022-02-08,1644278400000,43823.01,45470.0,42666.0,44027.52,2091.155938,2024-03-27 04:49:38
2022-02-09,1644364800000,44027.52,44799.1,43117.81,44374.57,1849.159864,2024-03-27 04:49:38
2022-02-10,1644451200000,44374.57,45799.0,43200.0,43486.15,2615.52904,2024-03-27 04:49:38
2022-02-11,1644537600000,43486.15,43913.02,41962.86,42373.25,2183.277402,2024-03-27 04:49:38
2022-02-12,1644624000000,42373.25,42990.12,41737.59,42208.29,702.23933,2024-03-27 04:49:38
2022-02-13,1644710400000,42208.29,42750.0,41871.01,42051.54,739.292748,2024-03-27 04:49:38
2022-02-14,1644796800000,42051.54,42842.48,41560.66,42532.78,1529.84663,2024-03-27 04:49:38
2022-02-15,1644883200000,42532.78,44747.61,42415.05,44537.97,1535.568549,2024-03-27 04:49:38
2022-02-16,1644969600000,44537.97,44545.13,43279.2,43852.75,1082.940949,2024-03-27 04:49:38
2022-02-17,1645056000000,43852.75,44157.06,40050.0,40538.28,1896.762825,2024-03-27 04:49:38
2022-02-18,1645142400000,40538.28,40950.03,39437.16,39969.71,1500.174704,2024-03-27 04:49:38
2022-02-19,1645228800000,39969.71,40447.35,39642.04,40091.28,571.37656,2024-03-27 04:49:38
2022-02-20,1645315200000,40091.28,40112.35,38000.0,38379.6,922.334473,2024-03-27 04:49:38
2022-02-21,1645401600000,38379.6,39478.12,36788.93,37001.54,2358.966791,2024-03-27 04:49:38
2022-02-22,1645488000000,37001.54,38419.12,36334.18,38242.38,1837.647049,2024-03-27 04:49:38
2022-02-23,1645574400000,38242.38,39250.0,37033.48,37222.66,1422.586624,2024-03-27 04:49:38
2022-02-24,1645660800000,37222.66,39790.0,34311.12,38320.27,3447.056833,2024-03-27 04:49:38
2022-02-25,1645747200000,38320.27,39682.36,38027.31,39199.35,1619.855918,2024-03-27 04:49:38
2022-02-26,1645833600000,39199.35,40315.83,38581.0,39104.76,768.381481,2024-03-27 04:49:38
2022-02-27,1645920000000,39104.76,39858.29,37000.0,37662.03,1313.542721,2024-03-27 04:49:38
2022-02-28,1646006400000,37662.03,44225.71,37436.93,43178.53,2420.552195,2024-03-27 04:49:38
2022-03-01,1646092800000,43178.53,44978.55,42834.83,44409.75,1932.448519,2024-03-27 04:49:38
2022-03-02,1646179200000,44409.75,45338.18,43324.95,43900.44,1591.960403,2024-03-27 04:49:38
2022-03-03,1646265600000,43900.44,44083.33,41843.94,42467.63,1968.83472,2024-03-27 04:49:38
2022-03-04,1646352000000,42467.63,42517.19,38522.16,39147.92,4275.329252,2024-03-27 04:49:38
2022-03-05,1646438400000,39147.92,39601.47,38583.33,39394.11,1587.088609,2024-03-27 04:49:38
2022-03-06,1646524800000,39394.11,39676.68,38100.0,38387.97,1866.601568,2024-03-27 04:49:38
2022-03-07,1646611200000,38387.97,39542.38,37155.76,38005.14,3747.458097,2024-03-27 04:49:38
2022-03-08,1646697600000,38005.14,39368.73,37875.76,38725.35,4207.607882,2024-03-27 04:49:38
2022-03-09,1646784000000,38725.35,42582.09,38659.83,41941.57,5195.569327,2024-03-27 04:49:38
2022-03-10,1646870400000,41941.57,42038.48,38529.8,39415.0,6351.181082,2024-03-27 04:49:38
2022-03-11,1646956800000,39415.0,40232.46,38232.65,38727.01,6369.021624,2024-03-27 04:49:38
2022-03-12,1647043200000,38727.01,39542.69,38664.14,38795.01,1564.304705,2024-03-27 04:49:38
2022-03-13,1647129600000,38795.01,39310.76,37580.92,37773.52,1921.267244,2024-03-27 04:49:38
2022-03-14,1647216000000,37773.52,39930.82,37565.23,39667.58,3231.016435,2024-03-27 04:49:38
2022-03-15,1647302400000,39667.58,39895.0,38125.01,39275.96,3961.579503,2024-03-27 04:49:38
2022-03-16,1647388800000,39275.96,41709.99,38825.0,41107.77,7634.908714,2024-03-27 04:49:38
2022-03-17,1647475200000,41107.77,41460.51,40504.02,40912.43,3865.493959,2024-03-27 04:49:38
2022-03-18,1647561600000,40912.43,42320.0,40139.64,41751.44,4819.982049,2024-03-27 04:49:38
2022-03-19,1647648000000,41751.44,42395.24,41500.01,42194.5,4224.352244,2024-03-27 04:49:38
2022-03-20,1647734400000,42194.5,42283.45,40913.58,41256.06,4742.313777,2024-03-27 04:49:38
2022-03-21,1647820800000,41256.06,41544.49,40500.0,41000.0,6019.878851,2024-03-27 04:49:38
2022-03-22,1647907200000,41000.0,43381.59,40870.2,42357.83,6023.188605,2024-03-27 04:49:38
2022-03-23,1647993600000,42357.83,43025.01,41754.82,42891.39,5052.833905,2024-03-27 04:49:38
2022-03-24,1648080000000,42891.39,44221.99,42611.0,43991.52,5874.522961,2024-03-27 04:49:38
2022-03-25,1648166400000,43991.52,45110.0,43566.97,44306.33,4156.157818,2024-03-27 04:49:38
2022-03-26,1648252800000,44306.33,44796.58,44070.01,44514.73,1638.552355,2024-03-27 04:49:38
2022-03-27,1648339200000,44514.73,47000.0,44427.28,46841.13,2750.776459,2024-03-27 04:49:38
2022-03-28,1648425600000,46841.13,48187.75,46651.05,47127.99,2660.701221,2024-03-27 04:49:38
2022-03-29,1648512000000,47127.99,48100.0,46929.53,47433.63,2492.874291,2024-03-27 04:49:38
2022-03-30,1648598400000,47433.63,47696.43,46494.49,47057.17,1768.404498,2024-03-27 04:49:38
2022-03-31,1648684800000,47057.17,47607.91,45201.34,45513.51,2145.493353,2024-03-27 04:49:38
2022-04-01,1648771200000,45513.51,46700.0,44214.81,46279.92,3274.689283,2024-03-27 04:49:38
2022-04-02,1648857600000,46279.92,47197.96,45610.0,45806.21,2310.471212,2024-03-27 04:49:38
2022-04-03,1648944000000,45806.21,47435.89,45529.0,46418.31,1728.474965,2024-03-27 04:49:38
2022-04-04,1649030400000,46418.31,46884.61,45096.75,46590.38,2421.453932,2024-03-27 04:49:38
2022-04-05,1649116800000,46590.38,47195.58,45337.27,45488.93,4180.822815,2024-03-27 04:49:38
2022-04-06,1649203200000,45488.93,45508.0,43114.09,43175.09,5004.900674,2024-03-27 04:49:38
2022-04-07,1649289600000,43175.09,43898.97,42740.02,43447.67,3904.959633,2024-03-27 04:49:38
2022-04-08,1649376000000,43447.67,43971.91,42100.0,42276.04,4031.901687,2024-03-27 04:49:38
2022-04-09,1649462400000,42276.04,42800.68,42117.01,42746.05,1906.673752,2024-03-27 04:49:38
2022-04-10,1649548800000,42746.05,43413.6,41880.0,42151.82,2338.760482,2024-03-27 04:49:38
2022-04-11,1649635200000,42151.82,42409.85,39180.89,39524.11,7883.472062,2024-03-27 04:49:38
2022-04-12,1649721600000,39524.11,40699.99,39254.47,40067.1,5197.294158,2024-03-27 04:49:38
2022-04-13,1649808000000,40067.1,41544.57,39580.7,41138.2,2367.863126,2024-03-27 04:49:38
2022-04-14,1649894400000,41138.2,41490.73,39557.21,39953.53,1398.007652,2024-03-27 04:49:38
2022-04-15,1649980800000,39953.53,40861.03,39770.86,40554.93,1120.824172,2024-03-27 04:49:38
2022-04-16,1650067200000,40554.93,40700.0,39997.37,40375.27,852.607043,2024-03-27 04:49:38
2022-04-17,1650153600000,40375.27,40595.68,39545.46,39686.18,1083.408195,2024-03-27 04:49:38
2022-04-18,1650240000000,39686.18,41099.8,38539.14,40797.06,2537.006852,2024-03-27 04:49:38
2022-04-19,1650326400000,40797.06,41764.88,40569.1,41495.27,1866.683213,2024-03-27 04:49:38
2022-04-20,1650412800000,41495.27,42200.0,40828.57,41356.04,2470.742783,2024-03-27 04:49:38
2022-04-21,1650499200000,41356.04,42972.47,39750.0,40484.32,6185.689675,2024-03-27 04:49:38
2022-04-22,1650585600000,40484.32,40798.43,39180.01,39707.22,6811.386482,2024-03-27 04:49:38
2022-04-23,1650672000000,39707.22,39973.36,39284.77,39437.61,1708.01893,2024-03-27 04:49:38
2022-04-24,1650758400000,39437.61,39935.02,38936.48,39456.9,2177.7658,2024-03-27 04:49:38
2022-04-25,1650844800000,39456.9,40612.23,38170.08,40421.83,3931.544588,2024-03-27 04:49:38
2022-04-26,1650931200000,40421.83,40787.31,37700.0,38121.28,3692.110369,2024-03-27 04:49:38
2022-04-27,1651017600000,38121.28,39473.0,37882.28,39229.08,3118.480004,2024-03-27 04:49:38
2022-04-28,1651104000000,39229.08,40377.66,38882.55,39746.88,3908.02964,2024-03-27 04:49:38
2022-04-29,1651190400000,39746.88,39921.54,38170.01,38595.03,3547.86361,2024-03-27 04:49:38
2022-04-30,1651276800000,38595.03,38791.11,37564.58,37626.05,1811.462904,2024-03-27 04:49:38
2022-05-01,1651363200000,37626.05,38669.99,37380.0,38471.49,2345.71255,2024-03-27 04:49:38
2022-05-02,1651449600000,38471.49,39169.0,38052.17,38523.67,3732.689841,2024-03-27 04:49:38
2022-05-03,1651536000000,38523.67,38763.79,37521.0,37730.95,3148.108898,2024-03-27 04:49:38
2022-05-04,1651622400000,37730.95,40032.79,37665.29,39695.33,4581.912607,2024-03-27 04:49:38
2022-05-05,1651708800000,39695.33,39845.4,35555.0,36554.26,6317.969126,2024-03-27 04:49:38
2022-05-06,1651795200000,36554.26,36669.99,35250.0,36018.37,5322.39094,2024-03-27 04:49:38
2022-05-07,1651881600000,36018.37,36139.47,34776.02,35468.77,2483.667472,2024-03-27 04:49:38
2022-05-08,1651968000000,35468.77,35515.96,33701.01,34046.76,5493.031855,2024-03-27 04:49:38
2022-05-09,1652054400000,34046.76,34256.4,30039.1,30089.17,11160.06441,2024-03-27 04:49:38
2022-05-10,1652140800000,30089.17,32649.95,29715.0,31018.89,17749.795868,2024-03-27 04:49:38
2022-05-11,1652227200000,31018.89,32171.0,27788.23,29128.67,27073.998443,2024-03-27 04:49:38
2022-05-12,1652313600000,29128.67,30227.63,26782.62,29028.65,15939.769669,2024-03-27 04:49:38
2022-05-13,1652400000000,29028.65,31068.85,28767.0,29274.21,13941.603105,2024-03-27 04:49:38
2022-05-14,1652486400000,29274.21,30337.04,28633.86,30082.12,6374.426643,2024-03-27 04:49:38
2022-05-15,1652572800000,30082.12,31455.81,29478.31,31330.65,3639.209214,2024-03-27 04:49:38
2022-05-16,1652659200000,31330.65,31330.65,29099.39,29867.1,4410.288309,2024-03-27 04:49:38
2022-05-17,1652745600000,29867.1,30790.41,29445.13,30442.84,3824.546615,2024-03-27 04:49:38
2022-05-18,1652832000000,30442.84,30715.0,28647.25,28705.6,4927.373222,2024-03-27 04:49:38
2022-05-19,1652918400000,28705.6,30541.94,28690.76,30316.49,4791.165154,2024-03-27 04:49:38
2022-05-20,1653004800000,30316.49,30776.48,28724.0,29205.79,4957.85513,2024-03-27 04:49:38
2022-05-21,1653091200000,29205.79,29655.16,28944.48,29446.83,2145.712133,2024-03-27 04:49:38
2022-05-22,1653177600000,29446.83,30487.79,29256.53,30288.62,2656.815386,2024-03-27 04:49:38
2022-05-23,1653264000000,30288.62,30665.34,28867.03,29112.15,3554.517291,2024-03-27 04:49:38
2022-05-24,1653350400000,29112.15,29885.57,28660.01,29658.72,3531.407874,2024-03-27 04:49:38
2022-05-25,1653436800000,29658.72,30224.13,29335.22,29545.39,3822.92207,2024-03-27 04:49:38
2022-05-26,1653523200000,29545.39,29883.01,28003.34,29194.55,5434.694468,2024-03-27 04:49:38
2022-05-27,1653609600000,29194.55,29393.92,28283.52,28625.97,5165.858865,2024-03-27 04:49:38
2022-05-28,1653696000000,28625.97,29257.6,28523.28,29028.45,1854.96237,2024-03-27 04:49:38
2022-05-29,1653782400000,29028.45,29595.99,28843.73,29467.99,1518.044894,2024-03-27 04:49:38
2022-05-30,1653868800000,29467.99,32228.0,29309.47,31730.87,5648.767868,2024-03-27 04:49:38
2022-05-31,1653955200000,31730.87,32397.99,31225.04,31801.46,4328.982311,2024-03-27 04:49:38
2022-06-01,1654041600000,31801.46,31981.63,29327.9,29809.48,5878.726513,2024-03-27 04:49:38
2022-06-02,1654128000000,29809.48,30700.0,29592.63,30458.67,5089.941368,2024-03-27 04:49:38
2022-06-03,1654214400000,30458.67,30694.28,29270.31,29704.54,4900.604434,2024-03-27 04:49:38
2022-06-04,1654300800000,29704.54,29982.9,29487.74,29870.86,1730.122207,2024-03-27 04:49:38
2022-06-05,1654387200000,29870.86,30236.63,29536.68,29920.8,1896.65778,2024-03-27 04:49:38
2022-06-06,1654473600000,29920.8,31758.79,29888.88,31371.82,5637.268622,2024-03-27 04:49:38
2022-06-07,1654560000000,31371.82,31581.05,29215.38,31123.41,5147.798745,2024-03-27 04:49:38
2022-06-08,1654646400000,31123.41,31320.36,29845.96,30202.58,4243.88759,2024-03-27 04:49:38
2022-06-09,1654732800000,30202.58,30699.99,29946.99,30102.09,2757.744506,2024-03-27 04:49:38
2022-06-10,1654819200000,30102.09,30364.1,28855.01,29088.69,4727.357949,2024-03-27 04:49:38
2022-06-11,1654905600000,29088.69,29437.91,28101.02,28422.39,2510.072893,2024-03-27 04:49:38
2022-06-12,1654992000000,28422.39,28545.35,26559.85,26578.02,4344.944837,2024-03-27 04:49:38
2022-06-13,1655078400000,26578.02,26886.83,21937.0,22485.59,15390.382143,2024-03-27 04:49:38
2022-06-14,1655164800000,22485.59,23369.09,20866.01,22150.09,11397.304219,2024-03-27 04:49:38
2022-06-15,1655251200000,22150.09,22804.62,20104.5,22582.72,15644.531862,2024-03-27 04:49:38
2022-06-16,1655337600000,22582.72,23000.0,20232.0,20401.2,6345.42068,2024-03-27 04:49:38
2022-06-17,1655424000000,20401.2,21370.59,20241.09,20464.85,4804.557857,2024-03-27 04:49:38
2022-06-18,1655510400000,20464.85,20777.27,17625.01,18980.4,8872.652904,2024-03-27 04:49:38
2022-06-19,1655596800000,18980.4,20810.93,17954.64,20574.08,9324.588665,2024-03-27 04:49:38
2022-06-20,1655683200000,20574.08,21074.19,19641.65,20576.55,6298.740617,2024-03-27 04:49:38
2022-06-21,1655769600000,20576.55,21716.66,20345.35,20725.4,5093.787906,2024-03-27 04:49:38
2022-06-22,1655856000000,20725.4,20894.99,19767.27,19991.52,5426.243686,2024-03-27 04:49:38
2022-06-23,1655942400000,19991.52,21238.41,19886.33,21110.97,6015.907672,2024-03-27 04:49:38
2022-06-24,1656028800000,21110.97,21559.28,20739.57,21238.42,5205.770651,2024-03-27 04:49:38
2022-06-25,1656115200000,21238.42,21607.65,20907.81,21491.37,2895.776098,2024-03-27 04:49:38
2022-06-26,1656201600000,21491.37,21882.23,20971.28,21038.91,2253.067899,2024-03-27 04:49:38
2022-06-27,1656288000000,21038.91,21546.11,20518.04,20739.51,3322.170719,2024-03-27 04:49:38
2022-06-28,1656374400000,20739.51,21212.5,20203.59,20280.4,4104.845203,2024-03-27 04:49:38
2022-06-29,1656460800000,20280.4,20433.99,19851.4,20126.0,4940.97315,2024-03-27 04:49:38
2022-06-30,1656547200000,20126.0,20171.76,18625.0,19947.96,9464.0304,2024-03-27 04:49:38
2022-07-01,1656633600000,19947.96,20926.71,18966.84,19281.8,9540.546032,2024-03-27 04:49:38
2022-07-02,1656720000000,19281.8,19447.74,18981.0,19251.74,2966.433388,2024-03-27 04:49:38
2022-07-03,1656806400000,19251.74,19648.13,18780.37,19315.27,2883.062387,2024-03-27 04:49:38
2022-07-04,1656892800000,19315.27,20359.68,19053.02,20237.99,5016.41958,2024-03-27 04:49:38
2022-07-05,1656979200000,20237.99,20747.06,19300.0,20174.35,6946.697845,2024-03-27 04:49:38
2022-07-06,1657065600000,20174.35,20670.93,19765.75,20564.05,5210.425243,2024-03-27 04:49:38
2022-07-07,1657152000000,20564.05,21836.89,20250.0,21618.7,5862.289343,2024-03-27 04:49:38
2022-07-08,1657238400000,21618.7,22526.36,21183.18,21593.13,6770.345943,2024-03-27 04:49:38
2022-07-09,1657324800000,21593.13,21994.72,21323.05,21590.24,2508.779821,2024-03-27 04:49:38
2022-07-10,1657411200000,21590.24,21606.48,20639.57,20861.22,2728.357746,2024-03-27 04:49:38
2022-07-11,1657497600000,20861.22,20861.48,19880.0,19962.69,3387.391808,2024-03-27 04:49:38
2022-07-12,1657584000000,19962.69,20058.76,19249.3,19332.71,4684.517703,2024-03-27 04:49:38
2022-07-13,1657670400000,19332.71,20359.99,18911.04,20239.13,7839.893743,2024-03-27 04:49:38
2022-07-14,1657756800000,20239.13,20895.32,19625.76,20591.15,5756.575476,2024-03-27 04:49:38
2022-07-15,1657843200000,20591.15,21200.0,20383.34,20832.45,4373.489352,2024-03-27 04:49:38
2022-07-16,1657929600000,20832.45,21582.47,20473.64,21196.23,3138.949522,2024-03-27 04:49:38
2022-07-17,1658016000000,21196.23,21674.99,20755.72,20801.77,3033.067026,2024-03-27 04:49:38
2022-07-18,1658102400000,20801.77,22768.06,20764.1,22440.0,5617.596898,2024-03-27 04:49:38
2022-07-19,1658188800000,22440.0,23797.85,21581.99,23398.06,6696.447694,2024-03-27 04:49:38
2022-07-20,1658275200000,23398.06,24265.89,22919.4,23219.63,7007.354487,2024-03-27 04:49:38
2022-07-21,1658361600000,23219.63,23427.84,22345.85,23147.78,4741.754297,2024-03-27 04:49:38
2022-07-22,1658448000000,23147.78,23747.99,22506.0,22687.01,3585.480719,2024-03-27 04:49:38
2022-07-23,1658534400000,22687.01,22997.15,21945.31,22452.4,2405.627435,2024-03-27 04:49:38
2022-07-24,1658620800000,22452.4,23007.64,22262.75,22581.53,2032.943388,2024-03-27 04:49:38
2022-07-25,1658707200000,22581.53,22663.05,21254.9,21312.66,3573.508141,2024-03-27 04:49:38
2022-07-26,1658793600000,21312.66,21342.32,20710.36,21248.22,3067.313524,2024-03-27 04:49:38
2022-07-27,1658880000000,21248.22,23100.0,21042.46,22950.43,4708.315569,2024-03-27 04:49:38
2022-07-28,1658966400000,22950.43,24192.14,22577.19,23845.75,4912.810414,2024-03-27 04:49:38
2022-07-29,1659052800000,23845.75,24439.72,23427.6,23775.76,4283.444472,2024-03-27 04:49:38
2022-07-30,1659139200000,23775.76,24668.16,23512.92,23638.03,3430.733782,2024-03-27 04:49:38
2022-07-31,1659225600000,23638.03,24190.45,23233.94,23305.12,2132.808173,2024-03-27 04:49:38
2022-08-01,1659312000000,23305.12,23499.48,22852.3,23265.44,2259.666522,2024-03-27 04:49:38
2022-08-02,1659398400000,23265.44,23450.0,22657.2,22978.1,2698.984857,2024-03-27 04:49:38
2022-08-03,1659484800000,22978.1,23638.46,22685.78,22819.37,2076.332526,2024-03-27 04:49:38
2022-08-04,1659571200000,22819.37,23217.02,22404.72,22617.74,2278.79047,2024-03-27 04:49:38
2022-08-05,1659657600000,22617.74,23475.53,22591.61,23308.31,2485.564815,2024-03-27 04:49:38
2022-08-06,1659744000000,23308.31,23346.86,22910.01,22951.2,985.864994,2024-03-27 04:49:38
2022-08-07,1659830400000,22951.2,23396.97,22850.0,23177.58,890.846902,2024-03-27 04:49:38
2022-08-08,1659916800000,23177.58,24240.6,23159.87,23815.45,2284.475576,2024-03-27 04:49:38
2022-08-09,1660003200000,23815.45,23926.69,22875.0,23150.39,1956.630895,2024-03-27 04:49:38
2022-08-10,1660089600000,23150.39,24221.92,22664.06,23952.14,3440.139455,2024-03-27 04:49:38
2022-08-11,1660176000000,23952.14,24920.0,23857.13,23935.04,3553.309597,2024-03-27 04:49:38
2022-08-12,1660262400000,23935.04,24449.69,23589.76,24395.19,1689.441486,2024-03-27 04:49:38
2022-08-13,1660348800000,24395.19,24880.13,24299.94,24437.66,1464.78086,2024-03-27 04:49:38
2022-08-14,1660435200000,24437.66,25040.0,24150.0,24303.56,1550.748524,2024-03-27 04:49:38
2022-08-15,1660521600000,24303.56,25204.62,23772.42,24095.41,2639.302276,2024-03-27 04:49:38
2022-08-16,1660608000000,24095.41,24241.85,23678.49,23859.05,1700.267786,2024-03-27 04:49:38
2022-08-17,1660694400000,23859.05,24440.71,23187.51,23335.92,2494.748623,2024-03-27 04:49:38
2022-08-18,1660780800000,23335.92,23594.7,23097.68,23187.3,1689.865001,2024-03-27 04:49:38
2022-08-19,1660867200000,23187.3,23199.37,20785.07,20827.96,5178.872814,2024-03-27 04:49:38
2022-08-20,1660953600000,20827.96,21370.11,20768.12,21137.82,2911.976528,2024-03-27 04:49:38
2022-08-21,1661040000000,21137.82,21783.45,21068.22,21516.52,1931.580462,2024-03-27 04:49:38
2022-08-22,1661126400000,21516.52,21540.0,20899.33,21399.3,2556.736212,2024-03-27 04:49:38
2022-08-23,1661212800000,21399.3,21678.55,20895.01,21519.02,2314.974876,2024-03-27 04:49:38
2022-08-24,1661299200000,21519.02,21897.64,21154.25,21366.01,1822.516966,2024-03-27 04:49:38
2022-08-25,1661385600000,21366.01,21811.0,21312.51,21563.81,1602.992599,2024-03-27 04:49:38
2022-08-26,1661472000000,21563.81,21868.78,20115.0,20244.11,4770.011922,2024-03-27 04:49:38
2022-08-27,1661558400000,20244.11,20371.8,19799.0,20043.3,2887.359237,2024-03-27 04:49:38
2022-08-28,1661644800000,20043.3,20158.75,19526.89,19555.66,1754.10149,2024-03-27 04:49:38
2022-08-29,1661731200000,19555.66,20427.41,19553.08,20293.48,2705.206325,2024-03-27 04:49:38
2022-08-30,1661817600000,20293.48,20574.55,19541.52,19811.52,2888.176734,2024-03-27 04:49:38
2022-08-31,1661904000000,19811.52,20494.03,19801.94,20051.21,2059.097645,2024-03-27 04:49:38
2022-09-01,1661990400000,20051.21,20203.29,19568.0,20133.28,2278.576658,2024-03-27 04:49:38
2022-09-02,1662076800000,20133.28,20434.07,19760.0,19955.34,2980.69022,2024-03-27 04:49:38
2022-09-03,1662163200000,19955.34,20049.0,19657.01,19833.16,934.81972,2024-03-27 04:49:38
2022-09-04,1662249600000,19833.16,20023.7,19591.01,20001.27,1272.552372,2024-03-27 04:49:38
2022-09-05,1662336000000,20001.27,20057.44,19640.66,19794.78,1486.096903,2024-03-27 04:49:38
2022-09-06,1662422400000,19794.78,20178.84,18650.96,18789.67,9917.199961,2024-03-27 04:49:38
2022-09-07,1662508800000,18789.67,19462.01,18525.51,19291.68,10226.076906,2024-03-27 04:49:38
2022-09-08,1662595200000,19291.68,19458.29,19015.1,19317.14,9319.062746,2024-03-27 04:49:38
2022-09-09,1662681600000,19317.14,21629.15,19291.51,21364.44,15658.380313,2024-03-27 04:49:38
2022-09-10,1662768000000,21364.44,21806.64,21116.39,21645.83,10141.894331,2024-03-27 04:49:38
2022-09-11,1662854400000,21645.83,21865.56,21344.7,21823.17,10159.162556,2024-03-27 04:49:38
2022-09-12,1662940800000,21823.17,22484.14,21545.45,22394.49,12758.906423,2024-03-27 04:49:38
2022-09-13,1663027200000,22394.49,22800.35,19872.68,20172.78,17393.000722,2024-03-27 04:49:38
2022-09-14,1663113600000,20172.78,20533.32,19623.37,20224.55,10286.717736,2024-03-27 04:49:38
2022-09-15,1663200000000,20224.55,20328.84,19500.0,19700.98,15309.748898,2024-03-27 04:49:38
2022-09-16,1663286400000,19700.98,19890.0,19335.0,19807.09,10869.969724,2024-03-27 04:49:38
2022-09-17,1663372800000,19807.09,20186.41,19745.41,20112.0,7160.104206,2024-03-27 04:49:38
2022-09-18,1663459200000,20112.0,20117.19,19335.26,19416.95,10339.976038,2024-03-27 04:49:38
2022-09-19,1663545600000,19416.95,19685.0,18252.0,19535.58,19308.471492,2024-03-27 04:49:38
2022-09-20,1663632000000,19535.58,19634.8,18725.0,18875.72,14739.245334,2024-03-27 04:49:38
2022-09-21,1663718400000,18875.72,19973.62,18137.44,18459.81,25010.862661,2024-03-27 04:49:38
2022-09-22,1663804800000,18459.81,19528.59,18359.11,19397.79,31107.745864,2024-03-27 04:49:38
2022-09-23,1663891200000,19397.79,19500.0,18533.32,19287.95,25769.583002,2024-03-27 04:49:38
2022-09-24,1663977600000,19287.95,19312.49,18806.0,18918.62,12318.194941,2024-03-27 04:49:38
2022-09-25,1664064000000,18918.62,19185.45,18631.69,18806.85,10335.961544,2024-03-27 04:49:38
2022-09-26,1664150400000,18806.85,19317.06,18681.23,19225.7,21738.984522,2024-03-27 04:49:38
2022-09-27,1664236800000,19225.7,20383.48,18812.6,19076.02,38366.885709,2024-03-27 04:49:38
2022-09-28,1664323200000,19076.02,19776.68,18468.11,19413.5,33819.821532,2024-03-27 04:49:38
2022-09-29,1664409600000,19413.5,19643.92,18842.36,19591.57,18815.481989,2024-03-27 04:49:38
2022-09-30,1664496000000,19591.57,20181.4,19154.67,19421.9,15431.264253,2024-03-27 04:49:38
2022-10-01,1664582400000,19421.9,19483.3,19161.74,19311.15,6395.494739,2024-03-27 04:49:38
2022-10-02,1664668800000,19311.15,19395.76,18921.46,19058.81,8467.058583,2024-03-27 04:49:38
2022-10-03,1664755200000,19058.81,19714.24,18962.08,19628.05,13583.105197,2024-03-27 04:49:38
2022-10-04,1664841600000,19628.05,20460.0,19493.08,20337.71,15544.788295,2024-03-27 04:49:38
2022-10-05,1664928000000,20337.71,20361.59,19736.83,20161.1,15353.507211,2024-03-27 04:49:38
2022-10-06,1665014400000,20161.1,20455.04,19852.61,19961.77,25944.180175,2024-03-27 04:49:38
2022-10-07,1665100800000,19961.77,20065.44,19321.58,19527.0,25607.60881,2024-03-27 04:49:38
2022-10-08,1665187200000,19527.0,19626.0,19241.0,19414.41,7997.482918,2024-03-27 04:49:38
2022-10-09,1665273600000,19414.41,19555.2,19317.13,19438.5,5824.71266,2024-03-27 04:49:38
2022-10-10,1665360000000,19438.5,19526.01,19022.0,19130.45,11979.126899,2024-03-27 04:49:38
2022-10-11,1665446400000,19130.45,19267.33,18857.12,19058.0,10645.539935,2024-03-27 04:49:38
2022-10-12,1665532800000,19058.0,19240.0,18960.68,19154.93,9170.645859,2024-03-27 04:49:38
2022-10-13,1665619200000,19154.93,19507.0,18160.47,19374.98,26318.981601,2024-03-27 04:49:38
2022-10-14,1665705600000,19374.98,19950.57,19074.3,19175.68,19061.936727,2024-03-27 04:49:38
2022-10-15,1665792000000,19175.68,19226.0,18980.0,19071.34,4578.572454,2024-03-27 04:49:38
2022-10-16,1665878400000,19071.34,19424.73,19066.01,19264.83,5464.351201,2024-03-27 04:49:38
2022-10-17,1665964800000,19264.83,19677.4,19155.58,19550.15,13401.406119,2024-03-27 04:49:38
2022-10-18,1666051200000,19550.15,19704.7,19093.64,19328.0,19851.650147,2024-03-27 04:49:38
2022-10-19,1666137600000,19328.0,19359.37,19074.6,19123.0,11681.708963,2024-03-27 04:49:38
2022-10-20,1666224000000,19123.0,19343.0,18905.83,19043.65,14041.432194,2024-03-27 04:49:38
2022-10-21,1666310400000,19043.65,19249.92,18662.0,19163.1,14718.208714,2024-03-27 04:49:38
2022-10-22,1666396800000,19163.1,19261.01,19112.9,19202.45,2702.929723,2024-03-27 04:49:38
2022-10-23,1666483200000,19202.45,19695.0,19069.51,19569.0,8009.080534,2024-03-27 04:49:38
2022-10-24,1666569600000,19569.0,19600.5,19156.01,19331.0,13895.97603,2024-03-27 04:49:38
2022-10-25,1666656000000,19331.0,20419.12,19238.66,20081.22,24286.253374,2024-03-27 04:49:38
2022-10-26,1666742400000,20081.22,21018.0,20048.64,20769.66,31839.081583,2024-03-27 04:49:38
2022-10-27,1666828800000,20769.66,20873.28,20200.0,20295.32,24295.889726,2024-03-27 04:49:38
2022-10-28,1666915200000,20295.32,20750.0,20000.0,20591.65,23718.493897,2024-03-27 04:49:38
2022-10-29,1667001600000,20591.65,21082.91,20553.23,20808.44,11562.027673,2024-03-27 04:49:38
2022-10-30,1667088000000,20808.44,20932.0,20514.0,20627.18,7798.174637,2024-03-27 04:49:38
2022-10-31,1667174400000,20627.18,20841.61,20237.18,20491.17,15871.511441,2024-03-27 04:49:38
2022-11-01,1667260800000,20491.17,20695.0,20330.35,20483.43,13586.383872,2024-03-27 04:49:38
2022-11-02,1667347200000,20483.43,20799.0,20058.97,20151.84,16151.3772,2024-03-27 04:49:38
2022-11-03,1667433600000,20151.84,20393.52,20029.42,20209.59,8708.091138,2024-03-27 04:49:38
2022-11-04,1667520000000,20209.59,21300.0,20182.04,21143.84,22757.053147,2024-03-27 04:49:38
2022-11-05,1667606400000,21143.84,21480.0,21080.27,21298.28,10124.972758,2024-03-27 04:49:38
2022-11-06,1667692800000,21298.28,21366.0,20887.3,20908.35,9006.331751,2024-03-27 04:49:38
2022-11-07,1667779200000,20908.35,21070.71,20384.44,20589.55,18547.591297,2024-03-27 04:49:38
2022-11-08,1667865600000,20589.55,20679.66,17531.0,18545.0,49190.843966,2024-03-27 04:49:38
2022-11-09,1667952000000,18545.0,18587.78,15530.0,15910.69,48135.871722,2024-03-27 04:49:38
2022-11-10,1668038400000,15910.69,18150.0,15736.68,17600.05,29581.719845,2024-03-27 04:49:38
2022-11-11,1668124800000,17600.05,17692.14,16364.0,17058.81,31012.732996,2024-03-27 04:49:38
2022-11-12,1668211200000,17058.81,17110.0,16636.1,16814.0,7572.216075,2024-03-27 04:49:38
2022-11-13,1668297600000,16814.0,16951.5,16235.01,16340.57,6378.291943,2024-03-27 04:49:38
2022-11-14,1668384000000,16340.57,17188.88,15825.88,16620.26,17927.973339,2024-03-27 04:49:38
2022-11-15,1668470400000,16620.26,17123.0,16527.0,16894.5,12374.208004,2024-03-27 04:49:38
2022-11-16,1668556800000,16894.5,17016.66,16380.0,16658.23,8494.660744,2024-03-27 04:49:38
2022-11-17,1668643200000,16658.23,16747.96,16415.56,16692.1,4668.039281,2024-03-27 04:49:38
2022-11-18,1668729600000,16692.1,16991.0,16542.42,16696.97,4773.828947,2024-03-27 04:49:38
2022-11-19,1668816000000,16696.97,16817.48,16552.99,16695.81,2030.627192,2024-03-27 04:49:38
2022-11-20,1668902400000,16695.81,16749.18,16183.73,16278.35,3915.650168,2024-03-27 04:49:38
2022-11-21,1668988800000,16278.35,16318.32,15484.34,15782.91,6534.772374,2024-03-27 04:49:38
2022-11-22,1669075200000,15782.91,16302.26,15622.5,16222.53,9184.816177,2024-03-27 04:49:38
2022-11-23,1669161600000,16222.53,16700.0,16159.01,16603.73,8032.858835,2024-03-27 04:49:38
2022-11-24,1669248000000,16603.73,16808.9,16457.92,16598.08,5154.478213,2024-03-27 04:49:38
2022-11-25,1669334400000,16598.08,16623.79,16343.4,16522.0,5110.683685,2024-03-27 04:49:38
2022-11-26,1669420800000,16522.0,16696.22,16387.15,16462.86,3498.455043,2024-03-27 04:49:38
2022-11-27,1669507200000,16462.86,16597.25,16403.53,16429.75,2944.144089,2024-03-27 04:49:38
2022-11-28,1669593600000,16429.75,16488.7,16000.0,16217.36,6637.168156,2024-03-27 04:49:38
2022-11-29,1669680000000,16217.36,16546.56,16101.0,16442.15,4903.028171,2024-03-27 04:49:38
2022-11-30,1669766400000,16442.15,17250.0,16428.42,17163.07,8424.56736,2024-03-27 04:49:38
2022-12-01,1669852800000,17163.07,17317.71,16863.5,16978.95,5679.99979,2024-03-27 04:49:38
2022-12-02,1669939200000,16978.95,17102.0,16780.39,17088.59,3675.066924,2024-03-27 04:49:38
2022-12-03,1670025600000,17088.59,17152.9,16861.54,16885.56,1908.132235,2024-03-27 04:49:38
2022-12-04,1670112000000,16885.56,17200.0,16884.65,17105.45,2839.832396,2024-03-27 04:49:38
2022-12-05,1670198400000,17105.45,17415.91,16867.67,16963.99,4887.118772,2024-03-27 04:49:38
2022-12-06,1670284800000,16963.99,17104.08,16904.6,17084.99,3221.637902,2024-03-27 04:49:38
2022-12-07,1670371200000,17084.99,17138.0,16689.0,16836.0,2849.864052,2024-03-27 04:49:38
2022-12-08,1670457600000,16836.0,17295.05,16730.0,17224.74,3867.291389,2024-03-27 04:49:38
2022-12-09,1670544000000,17224.74,17343.65,17058.58,17127.74,3186.18431,2024-03-27 04:49:38
2022-12-10,1670630400000,17127.74,17224.04,17091.32,17125.6,1651.503318,2024-03-27 04:49:38
2022-12-11,1670716800000,17125.6,17267.99,17059.92,17089.8,2009.59148,2024-03-27 04:49:38
2022-12-12,1670803200000,17089.8,17239.24,16870.8,17207.18,3831.887075,2024-03-27 04:49:38
2022-12-13,1670889600000,17207.18,17977.0,17079.31,17778.49,6979.827724,2024-03-27 04:49:38
2022-12-14,1670976000000,17778.49,18378.5,17658.0,17804.08,8759.110759,2024-03-27 04:49:38
2022-12-15,1671062400000,17804.08,17852.3,17270.0,17358.15,5543.619824,2024-03-27 04:49:38
2022-12-16,1671148800000,17358.15,17522.98,16531.21,16634.6,7691.687467,2024-03-27 04:49:38
2022-12-17,1671235200000,16634.6,16796.63,16580.63,16778.09,3232.398773,2024-03-27 04:49:38
2022-12-18,1671321600000,16778.09,16863.0,16663.11,16738.48,2251.370623,2024-03-27 04:49:38
2022-12-19,1671408000000,16738.48,16815.09,16267.82,16440.6,4315.124157,2024-03-27 04:49:38
2022-12-20,1671494400000,16440.6,17054.5,16398.04,16897.99,6468.452822,2024-03-27 04:49:38
2022-12-21,1671580800000,16897.99,16924.08,16730.25,16825.64,3529.107655,2024-03-27 04:49:38
2022-12-22,1671667200000,16825.64,16867.64,16563.68,16821.46,4284.281781,2024-03-27 04:49:38
2022-12-23,1671753600000,16821.46,16940.0,16703.43,16782.72,4628.548899,2024-03-27 04:49:38
2022-12-24,1671840000000,16782.72,16862.07,16778.8,16833.79,1804.624735,2024-03-27 04:49:38
2022-12-25,1671926400000,16833.79,16853.88,16720.0,16829.75,2354.123749,2024-03-27 04:49:38
2022-12-26,1672012800000,16829.75,16940.0,16789.99,16916.41,2836.653945,2024-03-27 04:49:38
2022-12-27,1672099200000,16916.41,16969.33,16599.0,16707.98,4764.614448,2024-03-27 04:49:38
2022-12-28,1672185600000,16707.98,16783.35,16468.45,16547.24,5177.611496,2024-03-27 04:49:38
2022-12-29,1672272000000,16547.24,16661.47,16490.66,16634.29,3522.499059,2024-03-27 04:49:38
2022-12-30,1672358400000,16634.29,16670.0,16336.03,16606.25,4792.841204,2024-03-27 04:49:38
2022-12-31,1672444800000,16606.25,16643.6,16471.44,16541.8,1859.060895,2024-03-27 04:49:38
2023-01-01,1672531200000,16541.8,16626.55,16498.43,16616.03,1481.32342,2024-03-27 04:49:38
2023-01-02,1672617600000,16616.03,16795.0,16545.47,16675.59,3465.593566,2024-03-27 04:49:38
2023-01-03,1672704000000,16675.59,16774.22,16605.73,16674.31,3557.621077,2024-03-27 04:49:38
2023-01-04,1672790400000,16674.31,16986.63,16654.86,16852.43,4274.157691,2024-03-27 04:49:38
2023-01-05,1672876800000,16852.43,16876.37,16760.0,16830.32,2488.247085,2024-03-27 04:49:38
2023-01-06,1672963200000,16830.32,17033.14,16683.55,16949.37,3327.187042,2024-03-27 04:49:38
2023-01-07,1673049600000,16949.37,16976.92,16912.08,16942.93,929.97139,2024-03-27 04:49:38
2023-01-08,1673136000000,16942.93,17173.0,16914.31,17126.05,1968.039652,2024-03-27 04:49:38
2023-01-09,1673222400000,17126.05,17393.08,17105.3,17180.77,4866.737009,2024-03-27 04:49:38
2023-01-10,1673308800000,17180.77,17490.92,17150.0,17441.13,3673.951425,2024-03-27 04:49:38
2023-01-11,1673395200000,17441.13,17988.62,17320.0,17936.61,4888.795582,2024-03-27 04:49:38
2023-01-12,1673481600000,17936.61,19100.0,17903.89,18845.82,11200.271936,2024-03-27 04:49:38
2023-01-13,1673568000000,18845.82,19999.0,18715.01,19927.28,8363.766683,2024-03-27 04:49:38
2023-01-14,1673654400000,19927.28,21255.78,19890.99,20949.31,12131.395421,2024-03-27 04:49:38
2023-01-15,1673740800000,20949.31,21050.0,20562.5,20873.6,5879.361496,2024-03-27 04:49:38
2023-01-16,1673827200000,20873.6,21450.0,20626.21,21184.2,8677.962555,2024-03-27 04:49:38
2023-01-17,1673913600000,21184.2,21601.6,20860.0,21127.5,6546.836512,2024-03-27 04:49:38
2023-01-18,1674000000000,21127.5,21643.82,20406.25,20674.41,9341.58071,2024-03-27 04:49:38
2023-01-19,1674086400000,20674.41,21182.15,20660.01,21074.05,4266.045182,2024-03-27 04:49:38
2023-01-20,1674172800000,21074.05,22744.0,20868.77,22667.13,7426.610371,2024-03-27 04:49:38
2023-01-21,1674259200000,22667.13,23350.0,22426.09,22773.93,9038.153344,2024-03-27 04:49:38
2023-01-22,1674345600000,22773.93,23083.95,22301.76,22706.88,6607.703483,2024-03-27 04:49:38
2023-01-23,1674432000000,22706.88,23179.0,22354.67,22914.38,6295.663836,2024-03-27 04:49:38
2023-01-24,1674518400000,22914.38,23166.88,22464.39,22629.99,5957.426384,2024-03-27 04:49:38
2023-01-25,1674604800000,22629.99,23799.84,22331.01,23050.0,6896.379635,2024-03-27 04:49:38
2023-01-26,1674691200000,23050.0,23278.79,22856.62,23004.5,4922.427157,2024-03-27 04:49:38
2023-01-27,1674777600000,23004.5,23499.65,22534.53,23070.7,5212.601539,2024-03-27 04:49:38
2023-01-28,1674864000000,23070.7,23185.1,22874.11,23023.66,2672.041517,2024-03-27 04:49:38
2023-01-29,1674950400000,23023.66,23957.85,22970.05,23746.27,5180.495966,2024-03-27 04:49:38
2023-01-30,1675036800000,23746.27,23795.54,22500.0,22825.57,6152.387285,2024-03-27 04:49:38
2023-01-31,1675123200000,22825.57,23320.0,22718.52,23127.02,4291.96611,2024-03-27 04:49:38
2023-02-01,1675209600000,23127.02,23800.0,22765.88,23730.52,5584.611397,2024-03-27 04:49:38
2023-02-02,1675296000000,23730.52,24250.36,23371.96,23491.44,7024.089901,2024-03-27 04:49:38
2023-02-03,1675382400000,23491.44,23711.0,23213.0,23436.46,4919.044055,2024-03-27 04:49:38
2023-02-04,1675468800000,23436.46,23582.53,23257.25,23325.07,2082.076923,2024-03-27 04:49:38
2023-02-05,1675555200000,23325.07,23426.32,22757.44,22932.42,3278.734785,2024-03-27 04:49:38
2023-02-06,1675641600000,22932.42,23160.2,22630.58,22761.7,3838.491101,2024-03-27 04:49:38
2023-02-07,1675728000000,22761.7,23348.22,22750.45,23243.02,4375.896777,2024-03-27 04:49:38
2023-02-08,1675814400000,23243.02,23448.0,22680.11,22958.41,3919.233981,2024-03-27 04:49:38
2023-02-09,1675900800000,22958.41,23005.09,21700.0,21796.73,7373.291964,2024-03-27 04:49:38
2023-02-10,1675987200000,21796.73,21934.41,21480.0,21631.49,4124.474714,2024-03-27 04:49:38
2023-02-11,1676073600000,21631.49,21899.6,21607.94,21863.97,1343.038651,2024-03-27 04:49:38
2023-02-12,1676160000000,21863.97,22084.19,21637.6,21780.45,1985.985647,2024-03-27 04:49:38
2023-02-13,1676246400000,21780.45,21888.6,21360.0,21774.06,3767.184413,2024-03-27 04:49:38
2023-02-14,1676332800000,21774.06,22311.67,21533.86,22199.85,4427.940576,2024-03-27 04:49:38
2023-02-15,1676419200000,22199.85,24373.65,22051.01,24325.3,8840.632638,2024-03-27 04:49:38
2023-02-16,1676505600000,24325.3,25251.19,23509.09,23511.17,10206.221583,2024-03-27 04:49:38
2023-02-17,1676592000000,23511.17,25022.54,23349.3,24573.61,8469.7561,2024-03-27 04:49:38
2023-02-18,1676678400000,24573.61,24868.26,24438.03,24633.23,2440.862726,2024-03-27 04:49:38
2023-02-19,1676764800000,24633.23,25183.29,24200.0,24272.0,4032.604591,2024-03-27 04:49:38
2023-02-20,1676851200000,24272.0,25116.51,23839.62,24841.01,4776.406495,2024-03-27 04:49:38
2023-02-21,1676937600000,24841.01,25285.6,24153.84,24448.43,4835.522539,2024-03-27 04:49:38
2023-02-22,1677024000000,24448.43,24470.29,23579.98,24184.01,4944.258348,2024-03-27 04:49:38
2023-02-23,1677110400000,24184.01,24593.16,23610.0,23936.0,4259.021337,2024-03-27 04:49:38
2023-02-24,1677196800000,23936.0,24125.49,22842.11,23188.41,4529.800321,2024-03-27 04:49:38
2023-02-25,1677283200000,23188.41,23216.27,22750.0,23160.28,1860.562919,2024-03-27 04:49:38
2023-02-26,1677369600000,23160.28,23685.38,23066.0,23556.01,2455.628786,2024-03-27 04:49:38
2023-02-27,1677456000000,23556.01,23888.0,23114.95,23489.79,4125.419734,2024-03-27 04:49:38
2023-02-28,1677542400000,23489.79,23593.63,23028.7,23139.62,2638.878832,2024-03-27 04:49:38
2023-03-01,1677628800000,23139.62,24000.0,23025.61,23640.0,3782.424477,2024-03-27 04:49:38
2023-03-02,1677715200000,23640.0,23792.38,23200.49,23463.99,2078.435297,2024-03-27 04:49:38
2023-03-03,1677801600000,23463.99,23471.83,21971.09,22352.0,6067.476034,2024-03-27 04:49:38
2023-03-04,1677888000000,22352.0,22404.71,22164.0,22347.46,1330.933178,2024-03-27 04:49:38
2023-03-05,1677974400000,22347.46,22652.14,22198.06,22425.8,1523.83034,2024-03-27 04:49:38
2023-03-06,1678060800000,22425.8,22596.96,22266.86,22410.95,2122.949922,2024-03-27 04:49:38
2023-03-07,1678147200000,22410.95,22552.81,21935.3,22199.99,3734.621784,2024-03-27 04:49:38
2023-03-08,1678233600000,22199.99,22281.52,21580.01,21706.57,3945.598885,2024-03-27 04:49:38
2023-03-09,1678320000000,21706.57,21834.0,20049.05,20365.8,7793.09165,2024-03-27 04:49:38
2023-03-10,1678406400000,20365.8,20365.81,19555.0,20150.39,11758.18701,2024-03-27 04:49:38
2023-03-11,1678492800000,20150.39,20679.56,19771.66,20457.85,9611.016884,2024-03-27 04:49:38
2023-03-12,1678579200000,20457.85,22109.37,20273.23,21994.24,7621.007453,2024-03-27 04:49:38
2023-03-13,1678665600000,21994.24,24482.93,21815.25,24104.02,14317.305025,2024-03-27 04:49:38
2023-03-14,1678752000000,24104.02,26393.33,23982.43,24674.98,17653.497335,2024-03-27 04:49:38
2023-03-15,1678838400000,24674.98,25177.13,23890.95,24276.58,14952.24118,2024-03-27 04:49:38
2023-03-16,1678924800000,24276.58,25167.46,24123.19,24997.48,10427.313945,2024-03-27 04:49:38
2023-03-17,1679011200000,24997.48,27755.5,24893.14,27387.69,16172.018179,2024-03-27 04:49:38
2023-03-18,1679097600000,27387.69,27720.95,26559.81,26902.45,9358.067824,2024-03-27 04:49:38
2023-03-19,1679184000000,26902.45,28385.81,26826.9,27964.68,10115.582332,2024-03-27 04:49:38
2023-03-20,1679270400000,27964.68,28467.0,27135.83,27720.49,11856.865778,2024-03-27 04:49:38
2023-03-21,1679356800000,27720.49,28435.18,27308.76,28104.57,7782.731577,2024-03-27 04:49:38
2023-03-22,1679443200000,28104.57,28868.0,26602.9,27247.89,16540.362092,2024-03-27 04:49:38
2023-03-23,1679529600000,27247.89,28755.8,27115.91,28293.9,11911.119418,2024-03-27 04:49:38
2023-03-24,1679616000000,28293.9,28368.08,27000.0,27453.55,9993.017946,2024-03-27 04:49:38
2023-03-25,1679702400000,27453.55,27787.18,27158.45,27459.9,3316.390471,2024-03-27 04:49:38
2023-03-26,1679788800000,27459.9,28200.75,27417.73,27970.73,3628.632175,2024-03-27 04:49:38
2023-03-27,1679875200000,27970.73,28022.49,26505.0,27123.67,7298.921914,2024-03-27 04:49:38
2023-03-28,1679961600000,27123.67,27510.99,26632.75,27262.0,6727.398097,2024-03-27 04:49:38
2023-03-29,1680048000000,27262.0,28641.86,27242.79,28349.07,9773.376897,2024-03-27 04:49:38
2023-03-30,1680134400000,28349.07,29180.0,27685.04,28028.47,10551.501819,2024-03-27 04:49:38
2023-03-31,1680220800000,28028.47,28652.11,27509.29,28466.64,7412.270937,2024-03-27 04:49:38
2023-04-01,1680307200000,28466.64,28820.0,28230.0,28455.06,2370.593503,2024-03-27 04:49:38
2023-04-02,1680393600000,28455.06,28525.57,27855.8,28170.11,3105.016214,2024-03-27 04:49:38
2023-04-03,1680480000000,28170.11,28520.0,27217.0,27805.45,8365.915454,2024-03-27 04:49:38
2023-04-04,1680566400000,27805.45,28446.03,27666.74,28165.08,5750.781633,2024-03-27 04:49:38
2023-04-05,1680652800000,28165.08,28779.7,27809.96,28171.82,6012.467133,2024-03-27 04:49:38
2023-04-06,1680739200000,28171.82,28182.16,27700.0,28035.31,3351.897281,2024-03-27 04:49:38
2023-04-07,1680825600000,28035.31,28103.69,27770.46,27903.08,1748.63307,2024-03-27 04:49:38
2023-04-08,1680912000000,27903.08,28152.05,27862.78,27943.39,1052.201573,2024-03-27 04:49:38
2023-04-09,1680998400000,27943.39,28526.16,27800.52,28320.0,2004.141351,2024-03-27 04:49:38
2023-04-10,1681084800000,28320.0,29783.39,28163.59,29639.2,6280.126642,2024-03-27 04:49:38
2023-04-11,1681171200000,29639.2,30558.0,29594.01,30201.23,6080.401,2024-03-27 04:49:38
2023-04-12,1681257600000,30201.23,30483.05,29650.0,29883.65,4722.994727,2024-03-27 04:49:38
2023-04-13,1681344000000,29883.65,30580.56,29854.58,30374.7,3436.316231,2024-03-27 04:49:38
2023-04-14,1681430400000,30374.7,31019.6,29979.39,30459.0,5784.024824,2024-03-27 04:49:38
2023-04-15,1681516800000,30459.0,30600.0,30207.0,30293.71,1426.512507,2024-03-27 04:49:38
2023-04-16,1681603200000,30293.71,30549.04,30122.74,30309.89,1923.533,2024-03-27 04:49:38
2023-04-17,1681689600000,30309.89,30315.82,29238.51,29430.0,4120.957998,2024-03-27 04:49:38
2023-04-18,1681776000000,29430.0,30480.0,29101.0,30380.3,5081.880679,2024-03-27 04:49:38
2023-04-19,1681862400000,30380.3,30411.85,28575.0,28800.0,7726.23048,2024-03-27 04:49:38
2023-04-20,1681948800000,28800.0,29084.69,28004.85,28240.0,6669.074372,2024-03-27 04:49:38
2023-04-21,1682035200000,28240.0,28367.55,27132.84,27260.0,7324.643024,2024-03-27 04:49:38
2023-04-22,1682121600000,27260.0,27876.71,27142.23,27814.31,4382.630394,2024-03-27 04:49:38
2023-04-23,1682208000000,27814.31,27815.45,27325.72,27589.68,3136.779501,2024-03-27 04:49:38
2023-04-24,1682294400000,27589.68,27993.93,26963.11,27510.0,5306.634471,2024-03-27 04:49:38
2023-04-25,1682380800000,27510.0,28386.91,27195.0,28296.63,6344.582444,2024-03-27 04:49:38
2023-04-26,1682467200000,28296.63,30030.0,27218.41,28417.26,15804.986006,2024-03-27 04:49:38
2023-04-27,1682553600000,28417.26,29893.44,28385.39,29475.17,9991.089901,2024-03-27 04:49:38
2023-04-28,1682640000000,29475.17,29593.74,28891.27,29313.53,6725.764806,2024-03-27 04:49:38
2023-04-29,1682726400000,29313.53,29437.51,29025.92,29227.24,2650.509175,2024-03-27 04:49:38
2023-04-30,1682812800000,29227.24,29968.49,29095.46,29233.2,4428.168909,2024-03-27 04:49:38
2023-05-01,1682899200000,29233.2,29331.49,27663.93,28071.98,7958.1908,2024-03-27 04:49:38
2023-05-02,1682985600000,28071.98,28886.28,27876.74,28664.0,5722.630429,2024-03-27 04:49:38
2023-05-03,1683072000000,28664.0,29261.48,28111.93,29026.18,8008.970002,2024-03-27 04:49:38
2023-05-04,1683158400000,29026.18,29379.11,28666.65,28831.85,5570.07762,2024-03-27 04:49:38
2023-05-05,1683244800000,28831.85,29679.09,28795.41,29506.94,6847.421142,2024-03-27 04:49:38
2023-05-06,1683331200000,29506.94,29827.37,28356.0,28846.07,6017.979226,2024-03-27 04:49:38
2023-05-07,1683417600000,28846.07,29138.0,28390.77,28434.04,4414.93089,2024-03-27 04:49:38
2023-05-08,1683504000000,28434.04,28695.28,27269.53,27668.48,9280.253573,2024-03-27 04:49:38
2023-05-09,1683590400000,27668.48,27815.89,27351.49,27631.21,4995.956625,2024-03-27 04:49:38
2023-05-10,1683676800000,27631.21,28319.18,26765.0,27594.7,9882.756023,2024-03-27 04:49:38
2023-05-11,1683763200000,27594.7,27626.29,26700.0,26971.09,7450.505823,2024-03-27 04:49:38
2023-05-12,1683849600000,26971.09,27087.99,25811.56,26791.53,8996.018382,2024-03-27 04:49:38
2023-05-13,1683936000000,26791.53,27042.18,26690.32,26770.21,3629.552942,2024-03-27 04:49:38
2023-05-14,1684022400000,26770.21,27199.0,26576.08,26915.95,3074.98561,2024-03-27 04:49:38
2023-05-15,1684108800000,26915.95,27656.91,26734.01,27158.95,6216.462988,2024-03-27 04:49:38
2023-05-16,1684195200000,27158.95,27295.58,26850.01,27029.06,4060.450823,2024-03-27 04:49:38
2023-05-17,1684281600000,27029.06,27512.5,26535.0,27400.82,5253.655175,2024-03-27 04:49:38
2023-05-18,1684368000000,27400.82,27480.0,26362.93,26821.21,6860.195939,2024-03-27 04:49:38
2023-05-19,1684454400000,26821.21,27199.99,26632.01,26885.02,4080.414847,2024-03-27 04:49:38
2023-05-20,1684540800000,26885.02,27148.72,26830.45,27105.97,1407.721392,2024-03-27 04:49:38
2023-05-21,1684627200000,27105.97,27279.77,26663.53,26746.01,2705.825157,2024-03-27 04:49:38
2023-05-22,1684713600000,26746.01,27101.63,26540.0,26848.1,4834.047473,2024-03-27 04:49:38
2023-05-23,1684800000000,26848.1,27499.99,26801.06,27220.05,6050.595436,2024-03-27 04:49:38
2023-05-24,1684886400000,27220.05,27220.06,26090.85,26328.6,7455.672868,2024-03-27 04:49:38
2023-05-25,1684972800000,26328.6,26640.19,25877.31,26474.63,5948.195061,2024-03-27 04:49:38
2023-05-26,1685059200000,26474.63,26944.29,26326.36,26709.43,4103.817804,2024-03-27 04:49:38
2023-05-27,1685145600000,26709.43,26895.82,26554.61,26855.74,1623.047978,2024-03-27 04:49:38
2023-05-28,1685232000000,26855.74,28280.0,26770.17,28064.09,4976.487961,2024-03-27 04:49:38
2023-05-29,1685318400000,28064.09,28442.0,27525.01,27737.11,5868.61412,2024-03-27 04:49:38
2023-05-30,1685404800000,27737.11,28039.76,27556.32,27694.38,5695.328347,2024-03-27 04:49:38
2023-05-31,1685491200000,27694.38,27830.5,26833.99,27211.51,7046.211834,2024-03-27 04:49:38
2023-06-01,1685577600000,27211.51,27352.39,26609.31,26815.44,6035.760826,2024-03-27 04:49:38
2023-06-02,1685664000000,26815.44,27292.98,26507.88,27241.45,6454.217121,2024-03-27 04:49:38
2023-06-03,1685750400000,27241.45,27325.45,26921.46,27072.14,2556.212168,2024-03-27 04:49:38
2023-06-04,1685836800000,27072.14,27457.1,26953.84,27117.45,2915.2484,2024-03-27 04:49:38
2023-06-05,1685923200000,27117.45,27129.44,25396.08,25727.27,11373.596451,2024-03-27 04:49:38
2023-06-06,1686009600000,25727.27,27351.21,25351.1,27230.2,10324.624533,2024-03-27 04:49:38
2023-06-07,1686096000000,27230.2,27388.0,26131.0,26343.37,9580.115948,2024-03-27 04:49:38
2023-06-08,1686182400000,26343.37,26815.58,26213.47,26501.57,5631.249805,2024-03-27 04:49:38
2023-06-09,1686268800000,26501.57,26778.33,26275.01,26478.64,4649.188268,2024-03-27 04:49:38
2023-06-10,1686355200000,26478.64,26531.99,25361.76,25841.03,8603.752727,2024-03-27 04:49:38
2023-06-11,1686441600000,25841.03,26200.0,25634.73,25924.31,3982.409641,2024-03-27 04:49:38
2023-06-12,1686528000000,25924.31,26102.19,25617.0,25907.57,5359.366135,2024-03-27 04:49:38
2023-06-13,1686614400000,25907.57,26428.56,25721.76,25935.73,5834.399113,2024-03-27 04:49:38
2023-06-14,1686700800000,25935.73,26111.65,24821.91,25130.23,6086.45754,2024-03-27 04:49:38
2023-06-15,1686787200000,25130.23,25756.08,24776.56,25596.64,5290.007872,2024-03-27 04:49:38
2023-06-16,1686873600000,25596.64,26500.0,25169.84,26345.9,6650.332957,2024-03-27 04:49:38
2023-06-17,1686960000000,26345.9,26838.9,26182.15,26518.93,4217.36376,2024-03-27 04:49:38
2023-06-18,1687046400000,26518.93,26701.35,26254.01,26342.67,2856.064486,2024-03-27 04:49:38
2023-06-19,1687132800000,26342.67,27070.99,26260.71,26845.78,5545.941015,2024-03-27 04:49:38
2023-06-20,1687219200000,26845.78,28400.0,26652.99,28303.87,9626.825647,2024-03-27 04:49:38
2023-06-21,1687305600000,28303.87,30800.0,28261.01,29995.09,14854.096218,2024-03-27 04:49:38
2023-06-22,1687392000000,29995.09,30505.03,29529.0,29887.38,8261.912519,2024-03-27 04:49:38
2023-06-23,1687478400000,29887.38,31433.17,29796.96,30686.59,10682.930018,2024-03-27 04:49:38
2023-06-24,1687564800000,30686.59,30799.69,30260.11,30530.63,4127.91806,2024-03-27 04:49:38
2023-06-25,1687651200000,30530.63,31040.0,30280.4,30469.09,4942.740735,2024-03-27 04:49:38
2023-06-26,1687737600000,30469.09,30664.0,29930.0,30269.76,6553.740012,2024-03-27 04:49:38
2023-06-27,1687824000000,30269.76,31000.56,30229.72,30690.49,6100.607277,2024-03-27 04:49:38
2023-06-28,1687910400000,30690.49,30706.0,29845.0,30078.3,7350.785026,2024-03-27 04:49:38
2023-06-29,1687996800000,30078.3,30836.8,30050.12,30450.49,6825.06682,2024-03-27 04:49:38
2023-06-30,1688083200000,30450.49,31280.7,29461.67,30477.09,15366.323425,2024-03-27 04:49:38
2023-07-01,1688169600000,30477.09,30657.88,30326.01,30587.66,2169.480142,2024-03-27 04:49:38
2023-07-02,1688256000000,30587.66,30794.0,30165.09,30616.02,4112.506108,2024-03-27 04:49:38
2023-07-03,1688342400000,30616.02,31382.58,30569.99,31157.42,6540.978549,2024-03-27 04:49:38
2023-07-04,1688428800000,31157.42,31321.99,30613.63,30765.99,4798.895546,2024-03-27 04:49:38
2023-07-05,1688515200000,30765.99,30874.45,30193.86,30502.53,4981.307615,2024-03-27 04:49:38
2023-07-06,1688601600000,30502.53,31520.04,29855.0,29892.52,11091.011189,2024-03-27 04:49:38
2023-07-07,1688688000000,29892.52,30451.74,29674.61,30343.15,6680.031832,2024-03-27 04:49:38
2023-07-08,1688774400000,30343.15,30389.68,30050.0,30288.01,2487.25674,2024-03-27 04:49:38
2023-07-09,1688860800000,30288.01,30449.0,30068.33,30164.01,2699.747437,2024-03-27 04:49:38
2023-07-10,1688947200000,30164.01,31042.15,29952.39,30414.69,6407.703667,2024-03-27 04:49:38
2023-07-11,1689033600000,30414.69,30817.5,30300.0,30621.99,4398.010776,2024-03-27 04:49:38
2023-07-12,1689120000000,30621.99,30974.51,30213.23,30384.0,5203.647746,2024-03-27 04:49:38
2023-07-13,1689206400000,30384.0,31847.69,30249.69,31452.96,10770.493022,2024-03-27 04:49:38
2023-07-14,1689292800000,31452.96,31629.22,29898.77,30312.98,9931.56904,2024-03-27 04:49:38
2023-07-15,1689379200000,30312.98,30392.37,30238.35,30285.99,1584.163867,2024-03-27 04:49:38
2023-07-16,1689465600000,30285.99,30441.66,30066.2,30232.5,2868.978295,2024-03-27 04:49:38
2023-07-17,1689552000000,30232.5,30331.99,29654.63,30138.0,5365.028571,2024-03-27 04:49:38
2023-07-18,1689638400000,30138.0,30239.42,29500.0,29862.15,5557.269733,2024-03-27 04:49:38
2023-07-19,1689724800000,29862.15,30192.26,29760.0,29907.11,5298.460429,2024-03-27 04:49:38
2023-07-20,1689811200000,29907.11,30416.0,29551.4,29807.13,7030.721913,2024-03-27 04:49:38
2023-07-21,1689897600000,29807.13,30060.74,29732.57,29900.01,3745.114242,2024-03-27 04:49:38
2023-07-22,1689984000000,29900.01,29995.99,29629.98,29786.08,1655.889266,2024-03-27 04:49:38
2023-07-23,1690070400000,29786.08,30344.78,29733.99,30086.01,2820.364327,2024-03-27 04:49:38
2023-07-24,1690156800000,30086.01,30094.52,28855.16,29180.0,6176.398932,2024-03-27 04:49:38
2023-07-25,1690243200000,29180.0,29372.79,29053.16,29232.0,2848.521683,2024-03-27 04:49:38
2023-07-26,1690329600000,29232.0,29676.44,29100.1,29350.0,6051.277857,2024-03-27 04:49:38
2023-07-27,1690416000000,29350.0,29569.93,29085.99,29223.3,2830.964379,2024-03-27 04:49:38
2023-07-28,1690502400000,29223.3,29545.63,29130.77,29320.01,3059.711285,2024-03-27 04:49:38
2023-07-29,1690588800000,29320.01,29407.07,29261.07,29356.38,1054.286652,2024-03-27 04:49:38
2023-07-30,1690675200000,29356.38,29449.49,29027.51,29281.98,2577.240299,2024-03-27 04:49:38
2023-07-31,1690761600000,29281.98,29530.37,29115.46,29234.04,3942.494885,2024-03-27 04:49:38
2023-08-01,1690848000000,29234.04,29732.99,28555.0,29706.0,8188.992092,2024-03-27 04:49:38
2023-08-02,1690934400000,29706.0,30037.5,28926.54,29178.74,8488.864789,2024-03-27 04:49:38
2023-08-03,1691020800000,29178.74,29429.98,28968.01,29194.0,4547.948602,2024-03-27 04:49:38
2023-08-04,1691107200000,29194.0,29329.31,28800.0,29114.01,4680.836674,2024-03-27 04:49:38
2023-08-05,1691193600000,29114.01,29154.04,28985.62,29074.89,1369.485183,2024-03-27 04:49:38
2023-08-06,1691280000000,29074.89,29199.98,28989.75,29091.99,1754.906843,2024-03-27 04:49:38
2023-08-07,1691366400000,29091.99,29275.31,28703.1,29214.08,4850.113255,2024-03-27 04:49:38
2023-08-08,1691452800000,29214.08,30214.75,29146.77,29769.28,9016.054264,2024-03-27 04:49:38
2023-08-09,1691539200000,29769.28,30136.73,29374.05,29579.99,6501.83446,2024-03-27 04:49:38
2023-08-10,1691625600000,29579.99,29737.98,29310.0,29456.77,4401.706562,2024-03-27 04:49:38
2023-08-11,1691712000000,29456.77,29564.46,29249.99,29430.13,2304.071544,2024-03-27 04:49:38
2023-08-12,1691798400000,29430.13,29478.25,29382.0,29428.94,946.786217,2024-03-27 04:49:38
2023-08-13,1691884800000,29428.94,29467.7,29276.0,29304.7,1126.682339,2024-03-27 04:49:38
2023-08-14,1691971200000,29304.7,29691.0,29102.74,29434.0,4574.465295,2024-03-27 04:49:38
2023-08-15,1692057600000,29434.0,29499.9,29074.0,29202.0,3603.094927,2024-03-27 04:49:38
2023-08-16,1692144000000,29202.0,29260.0,28728.47,28734.01,5411.612103,2024-03-27 04:49:38
2023-08-17,1692230400000,28734.01,28782.0,24394.74,26622.0,19809.230843,2024-03-27 04:49:38
2023-08-18,1692316800000,26622.0,26826.77,25607.13,26051.97,14285.630359,2024-03-27 04:49:38
2023-08-19,1692403200000,26051.97,26276.96,25802.88,26099.99,4046.484738,2024-03-27 04:49:38
2023-08-20,1692489600000,26099.99,26297.7,25971.97,26189.99,3213.888434,2024-03-27 04:49:38
2023-08-21,1692576000000,26189.99,26250.0,25810.0,26125.14,5358.604161,2024-03-27 04:49:38
2023-08-22,1692662400000,26125.14,26137.97,25329.88,26055.96,7351.628763,2024-03-27 04:49:38
2023-08-23,1692748800000,26055.96,26828.97,25815.02,26434.1,9231.841678,2024-03-27 04:49:38
2023-08-24,1692835200000,26434.1,26581.96,25861.66,26179.04,5670.414738,2024-03-27 04:49:38
2023-08-25,1692921600000,26179.04,26308.0,25780.01,26057.97,7330.623157,2024-03-27 04:49:38
2023-08-26,1693008000000,26057.97,26125.0,25986.86,26022.55,1510.386762,2024-03-27 04:49:38
2023-08-27,1693094400000,26022.55,26180.0,25975.97,26102.0,1549.593018,2024-03-27 04:49:38
2023-08-28,1693180800000,26102.0,26249.82,25865.0,26120.01,5500.45893,2024-03-27 04:49:38
2023-08-29,1693267200000,26120.01,28139.45,25927.45,27719.97,18896.52923,2024-03-27 04:49:38
2023-08-30,1693353600000,27719.97,27765.97,27009.26,27297.97,8193.605825,2024-03-27 04:49:38
2023-08-31,1693440000000,27297.97,27572.64,25659.86,25938.0,12686.122428,2024-03-27 04:49:38
2023-09-01,1693526400000,25938.0,26158.19,25329.01,25806.01,8437.905792,2024-03-27 04:49:38
2023-09-02,1693612800000,25806.01,25982.19,25756.05,25867.89,2389.351715,2024-03-27 04:49:38
2023-09-03,1693699200000,25867.89,26137.31,25797.1,25971.97,3322.59175,2024-03-27 04:49:38
2023-09-04,1693785600000,25971.97,26097.54,25634.0,25823.97,4311.241353,2024-03-27 04:49:38
2023-09-05,1693872000000,25823.97,25906.82,25560.1,25793.11,4475.856559,2024-03-27 04:49:38
2023-09-06,1693958400000,25793.11,26049.11,25372.77,25759.97,5720.939417,2024-03-27 04:49:38
2023-09-07,1694044800000,25759.97,26449.4,25617.44,26253.97,5639.999579,2024-03-27 04:49:38
2023-09-08,1694131200000,26253.97,26443.86,25650.0,25909.69,6639.956775,2024-03-27 04:49:38
2023-09-09,1694217600000,25909.69,25948.55,25798.01,25899.97,1705.038172,2024-03-27 04:49:38
2023-09-10,1694304000000,25899.97,26040.0,25570.01,25845.02,4935.832373,2024-03-27 04:49:38
2023-09-11,1694390400000,25845.02,25899.99,24899.97,25166.2,11871.00632,2024-03-27 04:49:38
2023-09-12,1694476800000,25166.2,26577.52,25136.39,25837.97,18304.737927,2024-03-27 04:49:38
2023-09-13,1694563200000,25837.97,26407.38,25762.17,26220.63,9658.379402,2024-03-27 04:49:38
2023-09-14,1694649600000,26220.63,26877.97,26126.12,26524.75,9762.287861,2024-03-27 04:49:38
2023-09-15,1694736000000,26524.75,26886.59,26225.74,26602.75,5479.545904,2024-03-27 04:49:38
2023-09-16,1694822400000,26602.75,26772.04,26450.0,26561.99,2778.163604,2024-03-27 04:49:38
2023-09-17,1694908800000,26561.99,26619.97,26398.0,26525.99,2146.406128,2024-03-27 04:49:38
2023-09-18,1694995200000,26525.99,27425.91,26376.0,26764.81,10614.16231,2024-03-27 04:49:38
2023-09-19,1695081600000,26764.81,27482.99,26670.55,27206.21,9127.181065,2024-03-27 04:49:38
2023-09-20,1695168000000,27206.21,27388.6,26798.39,27122.01,11251.370304,2024-03-27 04:49:38
2023-09-21,1695254400000,27122.01,27161.1,26377.21,26568.0,8423.36401,2024-03-27 04:49:38
2023-09-22,1695340800000,26568.0,26882.69,26455.42,26579.93,5600.893969,2024-03-27 04:49:38
2023-09-23,1695427200000,26579.93,26635.96,26512.62,26577.99,1443.944683,2024-03-27 04:49:38
2023-09-24,1695513600000,26577.99,26734.68,26120.0,26246.86,4122.626432,2024-03-27 04:49:38
2023-09-25,1695600000000,26246.86,26447.37,25990.39,26302.1,9800.05764,2024-03-27 04:49:38
2023-09-26,1695686400000,26302.1,26396.25,26094.16,26219.98,5003.480275,2024-03-27 04:49:38
2023-09-27,1695772800000,26219.98,26850.0,26110.75,26373.97,10582.395348,2024-03-27 04:49:38
2023-09-28,1695859200000,26373.97,27313.93,26346.1,27024.0,12829.411772,2024-03-27 04:49:38
2023-09-29,1695945600000,27024.0,27248.35,26669.51,26910.0,9381.220373,2024-03-27 04:49:38
2023-09-30,1696032000000,26910.0,27094.72,26892.0,26965.24,1770.824973,2024-03-27 04:49:38
2023-10-01,1696118400000,26965.24,28190.0,26957.42,27993.52,7228.033774,2024-03-27 04:49:38
2023-10-02,1696204800000,27993.52,28584.91,27285.6,27499.97,19163.339483,2024-03-27 04:49:38
2023-10-03,1696291200000,27499.97,27679.66,27169.98,27426.77,7938.512786,2024-03-27 04:49:38
2023-10-04,1696377600000,27426.77,27839.27,27210.79,27782.0,7719.610238,2024-03-27 04:49:38
2023-10-05,1696464000000,27782.0,28120.0,27355.98,27411.99,9079.651563,2024-03-27 04:49:38
2023-10-06,1696550400000,27411.99,28282.0,27166.29,27929.99,10625.93372,2024-03-27 04:49:38
2023-10-07,1696636800000,27929.99,28027.16,27842.86,27957.1,2505.195806,2024-03-27 04:49:38
2023-10-08,1696723200000,27957.1,28089.98,27685.64,27916.02,3583.647291,2024-03-27 04:49:38
2023-10-09,1696809600000,27916.02,27986.07,27262.68,27591.27,8990.624446,2024-03-27 04:49:38
2023-10-10,1696896000000,27591.27,27733.59,27297.24,27392.83,5882.811708,2024-03-27 04:49:38
2023-10-11,1696982400000,27392.83,27474.6,26532.59,26875.96,9379.855105,2024-03-27 04:49:38
2023-10-12,1697068800000,26875.96,26940.74,26554.0,26761.11,4782.282679,2024-03-27 04:49:38
2023-10-13,1697155200000,26761.11,27129.99,26685.96,26865.33,5627.412493,2024-03-27 04:49:38
2023-10-14,1697241600000,26865.33,26987.81,26792.91,26854.05,1867.651637,2024-03-27 04:49:38
2023-10-15,1697328000000,26854.05,27296.0,26810.27,27156.64,3778.738782,2024-03-27 04:49:38
2023-10-16,1697414400000,27156.64,30350.0,27112.09,28503.02,26515.683372,2024-03-27 04:49:38
2023-10-17,1697500800000,28503.02,28630.72,28068.11,28397.83,12413.93963,2024-03-27 04:49:38
2023-10-18,1697587200000,28397.83,28990.89,28140.88,28321.34,10710.106185,2024-03-27 04:49:38
2023-10-19,1697673600000,28321.34,28922.3,28110.01,28715.89,9161.208979,2024-03-27 04:49:38
2023-10-20,1697760000000,28715.89,30239.32,28575.6,29666.73,17524.490016,2024-03-27 04:49:38
2023-10-21,1697846400000,29666.73,30374.86,29454.66,29909.99,6351.97825,2024-03-27 04:49:38
2023-10-22,1697932800000,29909.99,30259.14,29640.01,29991.44,5245.027201,2024-03-27 04:49:38
2023-10-23,1698019200000,29991.44,35333.0,29885.65,33065.47,26475.215336,2024-03-27 04:49:38
2023-10-24,1698105600000,33065.47,35250.0,32834.33,33923.33,24370.427496,2024-03-27 04:49:38
2023-10-25,1698192000000,33923.33,35131.24,33678.4,34495.11,14369.152994,2024-03-27 04:49:38
2023-10-26,1698278400000,34495.11,34825.89,33748.59,34150.02,9295.504045,2024-03-27 04:49:38
2023-10-27,1698364800000,34150.02,34246.0,33392.33,33893.87,8171.50689,2024-03-27 04:49:38
2023-10-28,1698451200000,33893.87,34500.0,33864.21,34082.21,3174.394654,2024-03-27 04:49:38
2023-10-29,1698537600000,34082.21,34749.99,33933.33,34524.84,4958.607178,2024-03-27 04:49:38
2023-10-30,1698624000000,34524.84,34853.68,34050.0,34478.45,8086.674552,2024-03-27 04:49:38
2023-10-31,1698710400000,34478.45,34724.0,34029.55,34641.07,7121.180509,2024-03-27 04:49:38
2023-11-01,1698796800000,34641.07,35618.19,34070.82,35420.03,12813.670215,2024-03-27 04:49:38
2023-11-02,1698883200000,35420.03,35987.19,34288.57,34940.76,15436.162527,2024-03-27 04:49:38
2023-11-03,1698969600000,34940.76,34942.34,34118.49,34714.4,12839.87328,2024-03-27 04:49:38
2023-11-04,1699056000000,34714.4,35256.0,34587.72,35062.33,4199.89976,2024-03-27 04:49:38
2023-11-05,1699142400000,35062.33,35388.73,34450.0,35014.18,6085.706775,2024-03-27 04:49:38
2023-11-06,1699228800000,35014.18,35273.1,34728.35,35045.92,5257.085389,2024-03-27 04:49:38
2023-11-07,1699315200000,35045.92,35886.0,34514.58,35400.0,9056.997619,2024-03-27 04:49:38
2023-11-08,1699401600000,35400.0,36115.0,35100.0,35622.02,8715.373228,2024-03-27 04:49:38
2023-11-09,1699488000000,35622.02,38040.84,35539.96,36708.0,22504.72203,2024-03-27 04:49:38
2023-11-10,1699574400000,36708.0,37533.32,36322.54,37299.37,9007.051742,2024-03-27 04:49:38
2023-11-11,1699660800000,37299.37,37397.21,36631.39,37130.01,3865.261038,2024-03-27 04:49:38
2023-11-12,1699747200000,37130.01,37218.0,36726.24,37064.0,3032.24273,2024-03-27 04:49:38
2023-11-13,1699833600000,37064.0,37419.0,36331.86,36463.4,6993.415483,2024-03-27 04:49:38
2023-11-14,1699920000000,36463.4,36745.0,34601.0,35547.36,12130.22779,2024-03-27 04:49:38
2023-11-15,1700006400000,35547.36,37960.09,35361.32,37859.99,14955.531861,2024-03-27 04:49:38
2023-11-16,1700092800000,37859.99,37930.16,35489.97,36164.76,12648.410666,2024-03-27 04:49:38
2023-11-17,1700179200000,36164.76,36856.96,35846.6,36608.91,10454.853909,2024-03-27 04:49:38
2023-11-18,1700265600000,36608.91,36850.0,36183.61,36571.95,3778.319838,2024-03-27 04:49:38
2023-11-19,1700352000000,36571.95,37509.36,36374.98,37364.0,5043.747501,2024-03-27 04:49:38
2023-11-20,1700438400000,37364.0,37779.82,36622.48,37450.67,10565.507161,2024-03-27 04:49:38
2023-11-21,1700524800000,37450.67,37657.85,35725.46,35747.03,14858.369595,2024-03-27 04:49:38
2023-11-22,1700611200000,35747.03,37864.94,35617.0,37409.39,11894.888176,2024-03-27 04:49:38
2023-11-23,1700697600000,37409.39,37645.61,36865.19,37295.61,5709.874181,2024-03-27 04:49:38
2023-11-24,1700784000000,37295.61,38413.0,37253.62,37713.79,13408.707305,2024-03-27 04:49:38
2023-11-25,1700870400000,37713.79,37887.49,37585.0,37784.01,2544.13158,2024-03-27 04:49:38
2023-11-26,1700956800000,37784.01,37814.65,37129.67,37442.0,5109.69626,2024-03-27 04:49:38
2023-11-27,1701043200000,37442.0,37560.28,36704.02,37243.8,7226.27738,2024-03-27 04:49:38
2023-11-28,1701129600000,37243.8,38384.19,36876.11,37817.48,10551.98942,2024-03-27 04:49:38
2023-11-29,1701216000000,37817.48,38470.71,37568.1,37853.47,7907.81732,2024-03-27 04:49:38
2023-11-30,1701302400000,37853.47,38142.75,37464.95,37725.18,5493.930368,2024-03-27 04:49:38
2023-12-01,1701388800000,37725.18,38985.54,37615.35,38685.0,9982.622441,2024-03-27 04:49:38
2023-12-02,1701475200000,38685.0,39778.07,38644.34,39450.32,6266.563235,2024-03-27 04:49:38
2023-12-03,1701561600000,39450.32,40287.09,39278.0,39969.61,5609.215096,2024-03-27 04:49:38
2023-12-04,1701648000000,39969.61,42418.42,39969.61,41985.41,17506.645624,2024-03-27 04:49:38
2023-12-05,1701734400000,41985.41,44496.99,41388.0,44073.67,20570.159041,2024-03-27 04:49:38
2023-12-06,1701820800000,44073.67,44290.0,43361.31,43761.75,12477.042568,2024-03-27 04:49:38
2023-12-07,1701907200000,43761.75,44048.35,42832.49,43272.71,13132.332546,2024-03-27 04:49:38
2023-12-08,1701993600000,43272.71,44717.63,43083.55,44170.71,9475.379776,2024-03-27 04:49:38
2023-12-09,1702080000000,44170.71,44357.39,43509.32,43711.98,5245.37498,2024-03-27 04:49:38
2023-12-10,1702166400000,43711.98,44047.3,43560.76,43790.53,3552.163633,2024-03-27 04:49:38
2023-12-11,1702252800000,43790.53,43805.29,40226.56,41252.56,23178.722388,2024-03-27 04:49:38
2023-12-12,1702339200000,41252.56,42116.58,40678.89,41489.47,11627.584303,2024-03-27 04:49:38
2023-12-13,1702425600000,41489.47,43500.0,40563.6,42867.51,12900.554791,2024-03-27 04:49:38
2023-12-14,1702512000000,42867.51,43432.94,41317.58,43020.44,11088.378856,2024-03-27 04:49:38
2023-12-15,1702598400000,43020.44,43082.04,41658.26,41941.98,7673.364488,2024-03-27 04:49:38
2023-12-16,1702684800000,41941.98,42715.0,41611.0,42276.0,3815.760986,2024-03-27 04:49:38
2023-12-17,1702771200000,42276.0,42423.6,41243.14,41378.83,7687.697846,2024-03-27 04:49:38
2023-12-18,1702857600000,41378.83,42757.04,40545.43,42658.51,14360.108629,2024-03-27 04:49:38
2023-12-19,1702944000000,42658.51,43493.79,41806.91,42275.62,11897.237594,2024-03-27 04:49:38
2023-12-20,1703030400000,42275.62,44295.93,42204.01,43666.91,11610.035301,2024-03-27 04:49:38
2023-12-21,1703116800000,43666.91,44241.16,43293.75,43862.01,7961.891752,2024-03-27 04:49:38
2023-12-22,1703203200000,43862.01,44403.0,43410.0,43969.91,7616.573114,2024-03-27 04:49:38
2023-12-23,1703289600000,43969.91,43990.71,43257.1,43704.06,2743.69554,2024-03-27 04:49:38
2023-12-24,1703376000000,43704.06,43945.91,42557.0,42997.91,4583.52926,2024-03-27 04:49:38
2023-12-25,1703462400000,42997.91,43811.15,42697.03,43572.0,4411.945097,2024-03-27 04:49:38
2023-12-26,1703548800000,43572.0,43591.9,41601.34,42512.18,9191.386382,2024-03-27 04:49:38
2023-12-27,1703635200000,42512.18,43667.5,42113.96,43433.25,7902.878983,2024-03-27 04:49:38
2023-12-28,1703721600000,43433.25,43791.99,42266.63,42565.01,8200.502993,2024-03-27 04:49:38
2023-12-29,1703808000000,42565.01,43113.22,41275.51,42064.0,10858.457979,2024-03-27 04:49:38
2023-12-30,1703894400000,42064.0,42613.65,41526.0,42145.17,5337.652962,2024-03-27 04:49:38
2023-12-31,1703980800000,42145.17,42890.99,41968.04,42284.0,4389.904453,2024-03-27 04:49:38
2024-01-01,1704067200000,42284.0,44195.8,42183.84,44175.0,5582.393588,2024-03-27 04:49:38
2024-01-02,1704153600000,44175.0,45886.7,44147.29,44950.95,15797.345713,2024-03-27 04:49:38
2024-01-03,1704240000000,44950.95,45507.99,40222.1,42842.0,27469.436229,2024-03-27 04:49:38
2024-01-04,1704326400000,42842.0,44791.89,42622.37,44151.2,11226.164488,2024-03-27 04:49:38
2024-01-05,1704412800000,44151.2,44369.19,42267.44,44147.05,14167.406794,2024-03-27 04:49:38
2024-01-06,1704499200000,44147.05,44208.95,43397.02,43970.0,4453.125413,2024-03-27 04:49:38
2024-01-07,1704585600000,43970.0,44478.24,43599.0,43930.0,4472.3062,2024-03-27 04:49:38
2024-01-08,1704672000000,43930.0,47249.4,43180.0,46949.87,15137.438092,2024-03-27 04:49:38
2024-01-09,1704758400000,46949.87,48000.0,44631.9,46110.77,18425.819719,2024-03-27 04:49:38
2024-01-10,1704844800000,46110.77,47689.52,44291.67,46650.28,26598.310039,2024-03-27 04:49:38
2024-01-11,1704931200000,46650.28,48975.0,45563.54,46342.0,20489.30878,2024-03-27 04:49:38
2024-01-12,1705017600000,46342.0,46513.68,41389.14,42784.0,21517.607708,2024-03-27 04:49:38
2024-01-13,1705104000000,42784.0,43254.7,42438.2,42842.34,8774.633499,2024-03-27 04:49:38
2024-01-14,1705190400000,42842.34,43076.16,41721.94,41732.0,7359.211204,2024-03-27 04:49:38
2024-01-15,1705276800000,41732.0,43380.0,41715.75,42516.28,10082.8385,2024-03-27 04:49:38
2024-01-16,1705363200000,42516.28,43575.03,42041.28,43140.0,11626.165189,2024-03-27 04:49:38
2024-01-17,1705449600000,43140.0,43194.18,42206.64,42774.0,9037.3724,2024-03-27 04:49:38
2024-01-18,1705536000000,42774.0,42925.74,40682.94,41323.16,12998.212595,2024-03-27 04:49:38
2024-01-19,1705622400000,41323.16,42192.64,40279.07,41659.89,13455.989308,2024-03-27 04:49:38
2024-01-20,1705708800000,41659.89,41877.08,41455.76,41694.9,3428.945129,2024-03-27 04:49:38
2024-01-21,1705795200000,41694.9,41878.0,41500.82,41583.54,3462.926258,2024-03-27 04:49:38
2024-01-22,1705881600000,41583.54,41685.95,39416.66,39566.0,18793.226709,2024-03-27 04:49:38
2024-01-23,1705968000000,39566.0,40185.38,38552.63,39902.59,15972.588961,2024-03-27 04:49:38
2024-01-24,1706054400000,39902.59,40564.64,39487.85,40084.52,8838.303112,2024-03-27 04:49:38
2024-01-25,1706140800000,40084.52,40304.85,39547.57,39959.93,6076.05681,2024-03-27 04:49:38
2024-01-26,1706227200000,39959.93,42250.0,39826.69,41821.38,11341.077584,2024-03-27 04:49:38
2024-01-27,1706313600000,41821.38,42192.0,41392.01,42123.01,2706.22477,2024-03-27 04:49:38
2024-01-28,1706400000000,42123.01,42840.44,41614.74,42031.21,5850.795293,2024-03-27 04:49:38
2024-01-29,1706486400000,42031.21,43321.9,41796.89,43303.37,6968.034102,2024-03-27 04:49:38
2024-01-30,1706572800000,43303.37,43870.66,42684.0,42944.82,7266.843699,2024-03-27 04:49:38
2024-01-31,1706659200000,42944.82,43744.95,42287.38,42583.02,7484.986952,2024-03-27 04:49:38
2024-02-01,1706745600000,42583.02,43295.93,41876.96,43083.28,8350.198557,2024-03-27 04:49:38
2024-02-02,1706832000000,43083.28,43487.48,42551.61,43199.99,7190.927441,2024-03-27 04:49:38
2024-02-03,1706918400000,43199.99,43384.78,42880.89,43016.9,2194.065341,2024-03-27 04:49:38
2024-02-04,1707004800000,43016.9,43124.1,42209.45,42585.72,2991.635522,2024-03-27 04:49:38
2024-02-05,1707091200000,42585.72,43568.85,42253.99,42710.9,6689.318778,2024-03-27 04:49:38
2024-02-06,1707177600000,42710.9,43388.03,42573.97,43099.92,6863.360603,2024-03-27 04:49:38
2024-02-07,1707264000000,43099.92,44393.36,42790.0,44350.19,9997.387723,2024-03-27 04:49:38
2024-02-08,1707350400000,44350.19,45615.0,44328.0,45289.99,13581.610053,2024-03-27 04:49:38
2024-02-09,1707436800000,45289.99,48213.0,45245.42,47134.25,32971.508647,2024-03-27 04:49:38
2024-02-10,1707523200000,47134.25,48183.92,46845.02,47748.19,7001.160011,2024-03-27 04:49:38
2024-02-11,1707609600000,47748.19,48593.45,47565.64,48304.25,7881.070868,2024-03-27 04:49:38
2024-02-12,1707696000000,48304.25,50355.99,47710.71,49922.01,18304.96952,2024-03-27 04:49:38
2024-02-13,1707782400000,49922.01,50375.26,48302.0,49701.86,16883.800205,2024-03-27 04:49:38
2024-02-14,1707868800000,49701.86,52050.0,49222.54,51794.47,21095.211089,2024-03-27 04:49:38
2024-02-15,1707955200000,51794.47,52813.99,51300.01,51878.01,19158.832033,2024-03-27 04:49:38
2024-02-16,1708041600000,51878.01,52569.52,51556.27,52124.0,12490.750842,2024-03-27 04:49:38
2024-02-17,1708128000000,52124.0,52164.64,50619.39,51647.99,9217.13376,2024-03-27 04:49:38
2024-02-18,1708214400000,51647.99,52387.56,51157.01,52137.0,5987.689191,2024-03-27 04:49:38
2024-02-19,1708300800000,52137.0,52489.52,51686.95,51777.05,7972.10762,2024-03-27 04:49:38
2024-02-20,1708387200000,51777.05,53002.58,50750.01,52261.25,16770.199623,2024-03-27 04:49:38
2024-02-21,1708473600000,52261.25,52366.23,50535.62,51841.68,14153.570223,2024-03-27 04:49:38
2024-02-22,1708560000000,51841.68,52078.55,50936.01,51291.09,10743.332405,2024-03-27 04:49:38
2024-02-23,1708646400000,51291.09,51545.94,50530.06,50745.44,9185.690886,2024-03-27 04:49:38
2024-02-24,1708732800000,50745.44,51697.3,50581.33,51565.5,4204.674497,2024-03-27 04:49:38
2024-02-25,1708819200000,51565.5,51977.22,51281.69,51729.49,4889.34939,2024-03-27 04:49:38
2024-02-26,1708905600000,51729.49,54909.99,50898.37,54478.0,19735.61423,2024-03-27 04:49:38
2024-02-27,1708992000000,54478.0,57611.93,54445.52,57038.45,26333.028888,2024-03-27 04:49:38
2024-02-28,1709078400000,57038.45,64171.64,56696.3,62424.12,41567.570919,2024-03-27 04:49:38
2024-02-29,1709164800000,62424.12,63705.0,60382.16,61132.0,37783.712318,2024-03-27 04:49:38
2024-03-01,1709251200000,61132.0,63113.59,60686.76,62380.26,16832.281891,2024-03-27 04:49:38
2024-03-02,1709337600000,62380.26,62439.47,61526.31,61997.15,9356.79791,2024-03-27 04:49:38
2024-03-03,1709424000000,61997.15,63245.79,61307.46,63112.77,12476.199541,2024-03-27 04:49:38
2024-03-04,1709510400000,63112.77,68500.0,62205.94,68245.29,34244.974575,2024-03-27 04:49:38
2024-03-05,1709596800000,68245.29,69138.0,59085.56,63723.09,49940.937932,2024-03-27 04:49:38
2024-03-06,1709683200000,63723.09,67663.16,62785.64,66066.49,37966.118079,2024-03-27 04:49:38
2024-03-07,1709769600000,66066.49,67999.0,65540.47,66818.02,17522.973526,2024-03-27 04:49:38
2024-03-08,1709856000000,66818.02,70000.0,66064.19,68108.02,17498.19875,2024-03-27 04:49:38
2024-03-09,1709942400000,68108.02,68532.67,67852.91,68316.0,4067.642428,2024-03-27 04:49:38
2024-03-10,1710028800000,68316.0,69885.0,68071.08,68944.01,8524.324838,2024-03-27 04:49:38
2024-03-11,1710115200000,68944.01,72797.0,66917.82,72076.0,21475.708333,2024-03-27 04:49:38
2024-03-12,1710201600000,72076.0,73130.5,68626.9,71447.64,21806.549398,2024-03-27 04:49:38
2024-03-13,1710288000000,71447.64,73656.0,71317.22,73079.4,12271.073037,2024-03-27 04:49:38
2024-03-14,1710374400000,73079.4,73800.0,68578.85,71399.1,17223.581456,2024-03-27 04:49:38
2024-03-15,1710460800000,71399.1,72424.72,65600.0,69503.0,33292.507682,2024-03-27 04:49:38
2024-03-16,1710547200000,69503.0,70051.25,64752.6,65304.54,19614.032803,2024-03-27 04:49:38
2024-03-17,1710633600000,65304.54,68910.0,64530.02,68395.39,16745.445397,2024-03-27 04:49:38
2024-03-18,1710720000000,68395.39,68983.17,66530.0,67616.0,19121.201409,2024-03-27 04:49:38
2024-03-19,1710806400000,67616.0,68128.0,61544.78,61936.89,27200.9375,2024-03-27 04:49:38
2024-03-20,1710892800000,61936.89,68110.27,60760.82,67837.63,26254.377223,2024-03-27 04:49:38
2024-03-21,1710979200000,67837.63,68244.89,64519.94,65503.52,20706.743505,2024-03-27 04:49:38
2024-03-22,1711065600000,65503.52,66650.0,62270.04,63806.57,17141.242835,2024-03-27 04:49:38
2024-03-23,1711152000000,63806.57,66012.39,63000.0,63990.83,7161.032285,2024-03-27 04:49:38
2024-03-24,1711238400000,63990.83,67639.99,63800.01,67212.25,9629.9919,2024-03-27 04:49:38
2024-03-25,1711324800000,67212.25,71153.75,66375.89,69859.1,20453.511092,2024-03-27 04:49:38
2024-03-26,1711411200000,69859.1,71560.0,69276.3,69997.04,18184.0999,2024-03-27 04:49:38
2024-03-27,1711497600000,69997.04,70759.86,69830.52,70270.25,1412.986932,2024-03-27 04:49:38
